{"initial_reset_timestamp": 250625.467325305, "timestamps": [250636.952094754, 250704.880799985, 250773.754119174, 250792.727822399, 250846.577767391, 250874.830691942, 250891.628205758, 250924.682375207, 250960.235588953, 251016.777579801, 251035.616321061, 251065.886407595, 251074.56100121, 251143.081404852, 251176.556414611, 251224.068406258, 251277.992620804, 251309.239729419, 251365.123841169, 251384.83337254, 251411.958208128, 251452.844244241, 251494.182897392, 251537.306504276, 251551.525457444, 251590.342796822, 251594.325982192, 251605.034371826, 251622.54921857, 251664.203808064, 251714.803199012, 251743.369168382, 251754.667067098, 251823.109431472, 251853.336640598, 251893.099820268, 251914.642744161, 251944.796591741, 251956.691270323, 251978.964098502, 252017.298180977, 252066.755775634, 252078.116443796, 252090.929317497, 252108.182599011, 252117.469897172, 252156.719312023, 252209.375265446, 252232.20364, 252249.566506444, 252262.956813459, 252296.935736184, 252323.614493082, 252354.779544726, 252372.028119243, 252390.653308519, 252431.239685929, 252471.545508855, 252493.012567986, 252518.086225728, 252525.502067237, 252539.382988603, 252558.37386226, 252587.420464344, 252642.520508752, 252659.416631912, 252679.382118327, 252692.3623052, 252711.376773553, 252722.749759617, 252729.409607324, 252742.253223904, 252786.437976379, 252816.263561414, 252832.741183851, 252866.818334081, 252894.597651686, 252925.659639243, 252937.442515882, 252947.495480172, 252984.310679407, 253051.723516707, 253107.512864314, 253127.385647098, 253162.948599713, 253183.995562846, 253212.64569935, 253226.101149573, 253242.146307047, 253256.137385544, 253275.972284547, 253302.963305213, 253334.687429808, 253367.357493863, 253382.160103982, 253412.237528671, 253448.253698752, 253479.534054125, 253488.539103823, 253507.208380903, 253518.860786159, 253530.848322206, 253549.26559848, 253601.064846432, 253608.46848124, 253657.522091517, 253670.459926278, 253689.955217357, 253708.675361539, 253726.11667616, 253737.783903582, 253753.569022816, 253780.229120803, 253816.671993145, 253824.288111068, 253834.044457782, 253851.492141508, 253872.362097405, 253891.117446261, 253921.812546125, 253937.812413964, 253958.62325849, 253975.58662451, 253991.667148685, 254017.7335543, 254028.886315702, 254051.279593438, 254082.043143883, 254095.062755291, 254103.347497923, 254140.085127541, 254142.938381082, 254181.980751399, 254196.270998411, 254214.586283825, 254248.975745001, 254267.508569867, 254306.633769697, 254324.923679647, 254346.004856311, 254366.160527436, 254378.346964313, 254398.29332211, 254409.522397397, 254444.791142337, 254471.685769423, 254491.426256901, 254509.883065061, 254527.396169032, 254544.581197028, 254558.223308102, 254568.719818653, 254584.227203404, 254628.454541313, 254656.483560886, 254666.885197919, 254694.939431739, 254723.277689189, 254738.649704685, 254748.366144219, 254778.509932508, 254781.894692853, 254800.460251298, 254818.561863321, 254853.608360564, 254876.949195029, 254889.224167163, 254911.225013235, 254927.121457401, 254943.209092592, 254971.989161411, 254989.411000847, 255010.330866339, 255023.70009241, 255029.046604362, 255043.259467956, 255082.222462933, 255103.732920391, 255119.188402232, 255136.528116356, 255169.834192964, 255188.956630453, 255202.3408348, 255220.308920107, 255233.463644608, 255261.350231448, 255314.116238978, 255331.300627406, 255348.339244354, 255371.806489233, 255395.381093659, 255414.885686789, 255424.336182282, 255442.295382922, 255465.351727309, 255477.685269104, 255500.6958863, 255523.819332778, 255543.320794263, 255576.566921601, 255589.797204371, 255612.109905195, 255633.329358128, 255661.581852671, 255680.919338665, 255688.498998315, 255705.838539022, 255725.458971986, 255758.868181487, 255777.638505683, 255797.573064827, 255808.63846239, 255816.89179498, 255846.47378769, 255872.101825375, 255874.331259666, 255884.91318362, 255903.01720014, 255920.484501532, 255939.282221384], "episode_lengths": [37, 220, 220, 61, 174, 92, 55, 107, 115, 181, 61, 100, 28, 220, 110, 151, 177, 100, 182, 63, 87, 132, 134, 139, 46, 124, 12, 33, 57, 134, 160, 91, 36, 220, 95, 129, 67, 97, 38, 72, 123, 162, 36, 41, 56, 29, 126, 169, 71, 56, 43, 110, 86, 102, 56, 58, 129, 132, 70, 81, 24, 44, 61, 93, 178, 54, 64, 42, 61, 37, 21, 41, 144, 94, 51, 109, 90, 100, 38, 33, 121, 219, 181, 63, 111, 67, 94, 44, 51, 45, 65, 88, 103, 106, 46, 99, 114, 102, 29, 60, 38, 39, 60, 164, 23, 158, 42, 61, 60, 56, 37, 51, 87, 118, 24, 31, 57, 67, 61, 100, 50, 67, 53, 52, 85, 37, 72, 96, 41, 27, 120, 8, 126, 46, 58, 112, 57, 127, 59, 67, 63, 38, 62, 36, 115, 85, 63, 58, 56, 55, 42, 33, 49, 143, 90, 32, 91, 92, 50, 31, 96, 10, 60, 58, 114, 74, 39, 71, 51, 50, 93, 56, 68, 42, 17, 46, 127, 68, 48, 56, 108, 61, 43, 57, 42, 86, 160, 56, 56, 76, 75, 63, 28, 58, 75, 40, 74, 74, 62, 108, 42, 69, 69, 91, 63, 24, 53, 63, 108, 61, 65, 34, 26, 96, 82, 6, 34, 59, 57, 61], "episode_rewards": [-422.0, -116.0, -162.0, -446.0, 421.0, 413.0, -446.0, 362.0, 368.0, 318.0, 414.0, 415.0, -415.0, -116.0, 395.0, 386.0, 354.0, 385.0, 383.0, 402.0, 402.0, 319.0, 383.0, 386.0, 421.0, 383.0, -411.0, 422.0, 400.0, 357.0, 397.0, 362.0, -411.0, -74.0, 378.0, 384.0, -440.0, -456.0, 423.0, 379.0, 366.0, 371.0, -429.0, 426.0, -425.0, 432.0, 401.0, 406.0, 408.0, -431.0, 436.0, 377.0, 347.0, 391.0, 407.0, 405.0, -462.0, 413.0, 383.0, 384.0, -417.0, -423.0, 438.0, 400.0, 349.0, 419.0, 389.0, 409.0, 408.0, 384.0, -424.0, 438.0, 351.0, 375.0, -450.0, 388.0, 383.0, 395.0, 435.0, 422.0, 396.0, 314.0, 316.0, 430.0, 400.0, 420.0, 407.0, 429.0, 412.0, 422.0, 388.0, 411.0, 398.0, -429.0, 403.0, 400.0, 381.0, 379.0, 426.0, 407.0, 403.0, 434.0, 357.0, 373.0, 432.0, 383.0, 419.0, 430.0, 421.0, 423.0, 410.0, 412.0, 412.0, 377.0, -417.0, 436.0, 386.0, 398.0, 404.0, 403.0, 429.0, 408.0, 406.0, 417.0, 370.0, 430.0, 407.0, 387.0, 426.0, 434.0, 359.0, -417.0, 443.0, 395.0, 427.0, 385.0, 412.0, 356.0, 420.0, 426.0, 406.0, 413.0, 423.0, 421.0, 398.0, 386.0, 406.0, 405.0, 405.0, 430.0, 417.0, 434.0, 418.0, 410.0, 417.0, 429.0, 426.0, 385.0, 415.0, 430.0, 367.0, -419.0, 393.0, 395.0, -433.0, 417.0, 416.0, 404.0, 422.0, 397.0, 418.0, 413.0, 391.0, 411.0, -410.0, 421.0, 396.0, 419.0, 409.0, 395.0, 405.0, 406.0, 424.0, 410.0, 415.0, 403.0, 381.0, 421.0, 409.0, 389.0, 410.0, 422.0, 427.0, 375.0, 364.0, 427.0, 419.0, 429.0, 397.0, 365.0, 437.0, 418.0, 402.0, 408.0, 408.0, 431.0, 390.0, 390.0, 415.0, 388.0, 420.0, 421.0, 429.0, 393.0, 397.0, -405.0, 411.0, 420.0, 400.0, 398.0], "episode_types": ["t", "t", "t", "t", "t", "t", "t", "t", "t", "t", "t", "t", "t", "t", "t", "t", "t", "t", "t", "t", "t", "t", "t", "t", "t", "t", "t", "t", "t", "t", "t", "t", "t", "t", "t", "t", "t", "t", "t", "t", "t", "t", "t", "t", "t", "t", "t", "t", "t", "t", "t", "t", "t", "t", "t", "t", "t", "t", "t", "t", "t", "t", "t", "t", "t", "t", "t", "t", "t", "t", "t", "t", "t", "t", "t", "t", "t", "t", "t", "t", "t", "t", "t", "t", "t", "t", "t", "t", "t", "t", "t", "t", "t", "t", "t", "t", "t", "t", "t", "t", "t", "t", "t", "t", "t", "t", "t", "t", "t", "t", "t", "t", "t", "t", "t", "t", "t", "t", "t", "t", "t", "t", "t", "t", "t", "t", "t", "t", "t", "t", "t", "t", "t", "t", "t", "t", "t", "t", "t", "t", "t", "t", "t", "t", "t", "t", "t", "t", "t", "t", "t", "t", "t", "t", "t", "t", "t", "t", "t", "t", "t", "t", "t", "t", "t", "t", "t", "t", "t", "t", "t", "t", "t", "t", "t", "t", "t", "t", "t", "t", "t", "t", "t", "t", "t", "t", "t", "t", "t", "t", "t", "t", "t", "t", "t", "t", "t", "t", "t", "t", "t", "t", "t", "t", "t", "t", "t", "t", "t", "t", "t", "t", "t", "t", "t", "t", "t", "t", "t", "t"]}