{"initial_reset_timestamp": 165762.026311302, "timestamps": [165839.108076145, 165841.768435448, 165865.100346563, 165871.38588654, 165881.903540224, 165899.817852382, 165930.40547572, 165938.651129906, 165966.802925174, 165985.936741691, 165989.764268827, 166021.779416789, 166067.305217832, 166119.45676841, 166132.696406947, 166149.231291718, 166158.427198963, 166169.831560462, 166204.799047826, 166222.475505943, 166225.664923163, 166229.597410867, 166237.100149806, 166257.904031786, 166284.459308291, 166287.681998946, 166302.143775421, 166309.327635236, 166328.360282814, 166353.280406121, 166367.26403413, 166374.84780772, 166384.178100432, 166390.38536136, 166395.916619915, 166400.88619819, 166406.885148152, 166411.308941095, 166451.968245011, 166483.137463592, 166511.044774341, 166521.655791017, 166530.953272422, 166538.401346842, 166554.525364937, 166603.575568334, 166649.441644463, 166691.135032333, 166730.14570226, 166735.561815021, 166739.332010679, 166750.476713394, 166757.709001821, 166777.32749866, 166812.03779316, 166847.900431227, 166870.66598334, 166891.959470102, 166898.481326045, 166925.523042753, 166931.641913627, 166948.604701146, 166955.150558322, 167021.500361921, 167057.160299474, 167072.892723272, 167107.674003266, 167118.849433039, 167144.249141126, 167150.284386296, 167184.857544084, 167264.837483672, 167294.506422552, 167301.046778614, 167332.35373953, 167343.153868882, 167350.574428791, 167361.353655289, 167392.578778868, 167418.901967163, 167435.569359022, 167445.555874669, 167454.897371592, 167480.956992761, 167497.35317414, 167520.403844355, 167552.073085335, 167560.738508521, 167586.431184953, 167599.089612891, 167613.101067564, 167618.408881978, 167627.637754714, 167631.731390023, 167716.497045528, 167725.569309443, 167765.702887957, 167791.591154222, 167802.81870429, 167834.327809727, 167842.701068645, 167851.236505554, 167872.764473092, 167878.500512572, 167883.690098339, 167888.806944058, 167895.804438125, 167900.834089177, 167933.937115166, 167939.41155961, 167968.479201716, 167977.596385431, 168036.247922622, 168047.707327636, 168058.071911791, 168084.436158081, 168090.384809988, 168096.750761483, 168107.290487908, 168126.492256591, 168129.684855551, 168159.46818551, 168205.525129581, 168231.980392082, 168241.361763423, 168257.723825949, 168265.461399076, 168293.367701944, 168297.126578315, 168313.556859851, 168332.893532716, 168342.533861583, 168349.118910714, 168379.136639979, 168385.132577145, 168387.347425167, 168404.775732192, 168412.382279957, 168421.385276899, 168435.208902419, 168459.391573841, 168470.795505829, 168486.087922234, 168520.560080231, 168528.616059463, 168549.62369466, 168584.134861083, 168595.846179591, 168639.210100576, 168666.130700808, 168688.589216524, 168696.92436156, 168715.468111872, 168725.227613673, 168733.409459004, 168741.688865391, 168771.303646605, 168779.701256635, 168797.398701701, 168807.590995777, 168838.069100158, 168843.339143647, 168849.071651927, 168887.211909303, 168893.770140009, 168916.932062497, 168923.902867541, 168944.818729432, 169007.307530084, 169018.707861024, 169042.232669571, 169064.88404088, 169079.526444678, 169096.446249089, 169104.507162695, 169140.851480148, 169161.226465269, 169189.557149432, 169198.331728133, 169203.845618764, 169223.625348993, 169230.001348613, 169237.858816236, 169246.154327711, 169291.370407056, 169303.311009381, 169318.833414786, 169330.317888846, 169389.822176334, 169394.863440767, 169434.310809973, 169445.026031057, 169474.765539961, 169484.10644328, 169528.314543416, 169558.235563029, 169570.575472281, 169651.91690887, 169655.018800229, 169659.905897383, 169725.888725453, 169743.916997542, 169804.186293412, 169814.998119915, 169837.076334683, 169845.276250481, 169855.039211311, 169862.753848059, 169869.291574372, 169880.135024276, 169887.468994971, 169898.671502555, 169921.236502863, 169960.76017816, 169964.968365838, 170005.733530907, 170054.732694457, 170076.055644831, 170085.85121136, 170102.075381783, 170109.46433839, 170115.101377378, 170139.155995616, 170163.060241527, 170174.293818932, 170189.845913046, 170217.238235798, 170245.521001109, 170269.472327555, 170274.489362794, 170311.161766309, 170315.661901545, 170324.711911311, 170346.09242365, 170358.321652106, 170367.587286915, 170402.056283715, 170405.454409351, 170438.783981175, 170447.349917631, 170466.576059919, 170476.907440058, 170508.224427548, 170564.385614195, 170569.918598883, 170574.664237595, 170583.268264995, 170589.13178871, 170602.186925982, 170612.123329608, 170634.44791199, 170639.210523288, 170648.894576343, 170663.213614095, 170679.294246866, 170685.245880004, 170707.731233905, 170713.861264148, 170726.880646231, 170740.23809114, 170750.905932258, 170758.802862914, 170774.281006866, 170780.70136992, 170800.932831104, 170825.286966297, 170832.839891723, 170840.017813786, 170864.040235094, 170873.941642347, 170888.291798112, 170894.270951671, 170907.465620823, 170942.638975001, 170950.811508751, 170968.455548574, 170982.267263662, 170994.874283802, 171002.017173769, 171006.88925055, 171012.714639666, 171016.139372798, 171040.627679084, 171047.99859835, 171059.928291958, 171071.659367632, 171096.421950284, 171112.180350655, 171137.130489348, 171148.89340395, 171151.827591323, 171170.835582508, 171173.418283346, 171208.229106076, 171213.803112329, 171218.746330559, 171241.988715364, 171247.973697735, 171255.561058754, 171284.173791616, 171304.538098706, 171379.262779584, 171387.487813033, 171415.584503295, 171437.071190934, 171445.136907209, 171452.664755983, 171463.152107647, 171470.669882351, 171479.496183539, 171498.865642203, 171503.551609888, 171506.530469002, 171516.146691718, 171526.989927505, 171589.999585403, 171636.233528051, 171647.923073141, 171671.243101512, 171686.174216095, 171709.229116812, 171720.647171145, 171735.338248365, 171739.979147892, 171755.279108662, 171767.89568774, 171788.435368025, 171821.417776828, 171824.844508169, 171840.677043971, 171858.591164407, 171891.538911387, 171899.504324513, 171909.354284918, 171912.989397353, 171931.167631503, 171969.851734086, 171986.53086559, 172027.218174319, 172040.94065864, 172043.250979022, 172047.109451589, 172093.003455242, 172121.39604876, 172182.626528624, 172215.442811737, 172232.936592979, 172243.73957215, 172273.616575892, 172287.77572737, 172302.843834837, 172313.950703119, 172343.891109894, 172383.057161718, 172398.404160617, 172436.816303642, 172454.409929359, 172466.421997561, 172470.569375676, 172478.057872162, 172481.476404468, 172487.768554545, 172516.582212143, 172572.577752364, 172582.520426287, 172590.692748978, 172624.936099727, 172634.376219872, 172673.722312318, 172704.672892478, 172716.561823457, 172728.305183529, 172746.13697216, 172754.507515524, 172766.221593705, 172784.704772614, 172838.459032545, 172858.568277727, 172875.413344493, 172889.517192199, 172918.473046522, 172924.226850379, 172947.316106768, 172962.039476869, 172986.239711653, 172994.365257067, 173014.229071608, 173019.082581452, 173025.709954864, 173042.773185332, 173063.100117163, 173068.59031202, 173087.36209219, 173102.509355482, 173112.683599903, 173123.36797057, 173146.882373465, 173170.723239275, 173214.26434694, 173232.556276789, 173262.788023878, 173287.413365245, 173303.068101202, 173346.830828338, 173362.750693137, 173377.159043946, 173386.816618465, 173400.259487506, 173407.759634395, 173413.878919075, 173433.080477568, 173444.833610394, 173455.468379348, 173462.754548213, 173474.87165454, 173495.505181164, 173498.012256823, 173502.362719111, 173513.31089183, 173523.405540128, 173542.511188935, 173561.346306317, 173580.957704504, 173587.263414863, 173591.154860194, 173603.570838953, 173623.375212409, 173629.93476685, 173644.148871354, 173655.611657619, 173662.576134677, 173666.991547451, 173695.320235673, 173713.268540849, 173720.388303121, 173725.292009495, 173741.414188174, 173747.705746999, 173785.045214988, 173809.300140525, 173814.811287191, 173823.405817507, 173829.618693873, 