{"initial_reset_timestamp": 146699.049437039, "timestamps": [146703.968771735, 146724.516152163, 146742.076876243, 146770.340333061, 146801.008898949, 146803.50348372, 146818.476918245, 146838.591072106, 146871.685227261, 146876.417470085, 146881.550892867, 146906.608191581, 146915.57572703, 146936.151854887, 147021.813007754, 147026.291639629, 147055.112018, 147069.461679503, 147093.898250595, 147175.294833693, 147179.652521862, 147200.296898813, 147204.588791481, 147209.739258929, 147217.33145004, 147238.479952235, 147270.468980542, 147288.386051222, 147298.408658356, 147314.04726733, 147320.325909312, 147326.254483973, 147341.443086557, 147356.244630785, 147376.486849518, 147392.209587419, 147399.559019047, 147439.145389291, 147470.630756046, 147489.411475843, 147512.11952826, 147516.512239566, 147555.508004465, 147576.345255719, 147600.052519164, 147611.257646194, 147621.382486203, 147626.137663183, 147675.150271931, 147703.885073154, 147712.026017995, 147715.286576466, 147729.009121024, 147749.996182573, 147756.031872264, 147762.605324502, 147781.828257157, 147799.97388232, 147806.205802536, 147810.953757438, 147850.911950799, 147864.604137504, 147879.280367604, 147885.447580949, 147916.051893491, 147938.228350311, 147955.676749683, 147962.791375234, 147967.687398279, 147979.068238645, 147989.171755813, 147999.266908627, 148012.390776661, 148064.307576183, 148073.961661108, 148103.332111499, 148166.000654217, 148172.721354095, 148178.739145105, 148211.841946209, 148224.113316435, 148239.713672762, 148263.48166144, 148273.447028264, 148319.249866845, 148336.317242624, 148355.895104886, 148366.164870424, 148385.740050733, 148400.906702219, 148420.155358062, 148437.659734516, 148446.49665902, 148460.225987836, 148465.375620203, 148484.37985798, 148489.992341865, 148493.570082746, 148573.884794701, 148632.464285972, 148682.812844896, 148741.385911659, 148761.465624575, 148775.613680932, 148783.912874862, 148802.693581839, 148807.12193074, 148813.72851516, 148824.675486838, 148848.370435677, 148853.193634412, 148888.493112979, 148896.641705286, 148914.293961259, 148960.903958388, 148973.524667636, 148980.903723393, 149052.076728014, 149076.467213455, 149120.348958558, 149128.576022087, 149139.764292171, 149146.136018302, 149159.168846257, 149170.431721792, 149191.561034043, 149194.177146853, 149206.981880762, 149234.302561915, 149247.247723834, 149266.876864854, 149344.885073559, 149356.152569993, 149359.95162025, 149371.440821686, 149376.548966485, 149386.932152076, 149421.408939236, 149425.080029047, 149437.996457492, 149457.795051022, 149461.686516444, 149467.451792139, 149480.748479096, 149490.28279064, 149507.753854466, 149531.975714178, 149534.955154121, 149550.064963733, 149555.695423105, 149567.965548463, 149639.058819992, 149643.71942654, 149655.453145034, 149733.435280274, 149743.755205934, 149749.574051407, 149812.596988214, 149827.12458682, 149843.717775616, 149863.265106805, 149865.443053263, 149874.644929234, 149882.207731618, 149896.187479618, 149922.072588431, 149968.998672873, 149999.900578261, 150004.272093659, 150012.095461089, 150014.441542788, 150030.915696768, 150084.366807731, 150101.052319635, 150109.29511099, 150117.014820121, 150152.483697265, 150159.175233335, 150165.376547542, 150184.32128319, 150191.839679447, 150210.864094103, 150222.236105089, 150233.857810644, 150258.134153209, 150304.555002998, 150311.132571277, 150320.266342775, 150340.896694491, 150360.341877666, 150368.626484443, 150394.699933352, 150400.110448226, 150406.01530331, 150415.091176209, 150446.632153776, 150501.583846026, 150508.716751165, 150554.100648008, 150576.42504465, 150580.806720892, 150606.567008377, 150610.436774918, 150615.026453535, 150623.481988928, 150681.915977144, 150685.693101111, 150697.733836685, 150705.619313829, 150708.449376532, 150711.800031112, 150741.267242428, 150750.226988272, 150776.30653659, 150782.983517255, 150793.475798253, 150822.431919989, 150831.308614582, 150847.848086767, 150854.713284672, 150859.109597661, 150873.570305172, 150880.706171902, 150890.27964611, 150903.844919579, 150914.881183097, 150923.947554134, 150959.034644214, 150963.035271395, 150978.515965806, 151003.752386423, 151021.400142002, 151035.503284418, 151062.305520497, 151122.679023931, 151130.1566569, 151133.998784733, 151164.129872084, 151171.828883334, 151241.211662556, 151256.860871963, 151271.26213009, 151306.163333034, 151367.249423065, 151375.705402745, 151397.932679831, 151406.583894771, 151413.265626417, 151495.454590316, 151505.781489445, 151510.006531321, 151519.73883653, 151542.635143549, 151549.607373887, 151573.692021609, 151577.297128663, 151586.719506552, 151593.781901739, 151640.921513807, 151655.103297569, 151663.325691597, 151685.938943496, 151709.983321796, 151718.947810438, 151755.321733111, 151770.950409657, 151778.680276308, 151801.590082336, 151827.335365037, 151856.065412996, 151861.074110569, 151868.530981744, 151886.906871884, 151899.246352869, 151909.662271456, 151924.849269498, 151957.290483493, 151962.672383541, 151968.384836573, 151984.945497751, 151993.324883738, 151999.501191173, 152005.423049939, 152046.504702227, 152084.190998046, 152087.486071101, 152093.555713042, 152100.543802498, 152106.359181192, 152156.686136514, 152162.692023346, 152175.125896036, 152183.067533609, 152196.49584669, 152199.199521457, 152258.020456975, 152265.190202814, 152278.067241167, 152281.638621516, 152311.121605293, 152328.499533517, 152340.185743745, 152346.966781401, 152351.496389309, 152383.566416358, 152403.810204523, 152412.345594953, 152429.120103889, 152431.609256466, 152455.086707034, 152465.155915638, 152472.21884501, 152482.209041825, 152509.511918504, 152530.836471038, 152555.978512414, 152609.482682701, 152637.808647346, 152646.128633483, 152674.416553486, 152688.533377463, 152702.5274005, 152717.856293764, 152722.3950822, 152731.825458181, 152741.023469638, 152748.973897143, 152768.216505158, 152775.609042291, 152783.850800709, 152804.388022997, 152812.305822374, 152818.61136671, 152844.091271296, 152854.892545683, 152880.426111989, 152889.529819007, 152892.78287575, 152931.898309829, 152947.444189428, 152950.973834465, 152958.162057875, 152971.654633314, 152978.01668285, 153019.606789178, 153024.43957188, 153035.1234938, 153041.104340749, 153046.318672552, 153058.059719793, 153087.172917, 153092.406859925, 153097.658591284, 153115.81471794, 153148.867528243, 153152.884684874, 153195.252590842, 153202.34026998, 153240.467285868, 153252.418017157, 153273.557609221, 153284.266806297, 153301.007286428, 153327.911152308, 153359.521296032, 153380.904751374, 153413.240625796, 153428.251037482, 153437.745090297, 153472.254375264, 153478.352529335, 153512.720113367, 153525.533210714, 153535.551724084, 153543.778624867, 153561.899475422, 153578.509871317, 153593.820166754, 153601.087007213, 153635.473153413, 153641.302923199, 153650.246648592, 153659.516878923, 153695.367688957, 153699.686726167, 153707.364774529, 153753.991214104, 153817.543356746, 153827.690270108, 153845.90748653, 153870.603604795, 153933.749330546, 153979.932260939, 154021.233438974, 154027.550414772, 154063.356347953, 154089.1709948, 154092.801805627, 154108.185321629, 154111.473151513, 154137.156613113, 154142.807108676, 154152.644565906, 154188.901309361, 154206.816859248, 154226.800767112, 154245.836469931, 154251.435023753, 154256.198862338, 154269.415307223, 154282.62813236, 154293.28641936, 154303.889124623, 154309.346035459, 154326.098441306, 154376.807799042, 154389.633078393, 154397.568477847, 154436.50325109, 154450.746017616, 154458.346636854, 154469.538508727, 154492.758775441, 154497.852672275, 154539.406353055, 154556.029176033, 154559.596285997, 154626.504276341, 154633.051694413, 154669.882905693, 154675.033688046, 154699.443723177, 154784.483330452, 154803.68852311, 154827.206552306, 154833.733575709, 154842.241987972, 154863.420686424, 154877.592730442, 154883.354871473, 154887.880835051, 154897.841013186, 154904.225281573, 154922.804217996,