{"initial_reset_timestamp": 117017.152512084, "timestamps": [117033.792638346, 117037.336577687, 117044.695532735, 117053.163106999, 117060.376438072, 117073.712768315, 117086.292399447, 117106.286505401, 117122.905795455, 117149.824064565, 117157.175859091, 117178.940915774, 117196.459814881, 117207.589941852, 117214.198587227, 117230.4051848, 117240.433043419, 117263.370246689, 117268.246838566, 117331.98630306, 117338.994940672, 117346.033112647, 117355.585519859, 117397.794275283, 117406.307020554, 117408.530378137, 117428.879468127, 117437.898693559, 117460.477466438, 117464.437005173, 117482.50493255, 117493.457900038, 117499.189777051, 117505.673480124, 117536.566621773, 117550.592713314, 117558.745729451, 117577.896044244, 117593.598988966, 117608.435114038, 117647.602278997, 117679.285343569, 117687.559313924, 117715.668167243, 117741.074974471, 117769.620887451, 117808.30614776, 117812.297988896, 117841.118428986, 117848.370500472, 117886.59637039, 117892.906204448, 117928.198743382, 117931.202874133, 117958.326756486, 117989.240458844, 118001.804287205, 118007.932391531, 118024.084135639, 118027.765448475, 118064.6243316, 118070.692072564, 118076.419202915, 118081.764960981, 118095.77130106, 118103.59136166, 118117.731727912, 118138.530107724, 118154.708820963, 118174.499826299, 118183.479650139, 118210.916509514, 118216.743822261, 118232.948190364, 118285.032814029, 118298.649407471, 118328.692835137, 118343.491819167, 118347.781145974, 118373.667635728, 118390.31418857, 118398.094423889, 118408.536564543, 118431.583375252, 118438.510083735, 118451.82918358, 118502.369920515, 118507.008431697, 118542.125948159, 118561.940001495, 118565.954158428, 118573.841554537, 118655.812763742, 118661.483979855, 118670.200853876, 118683.680482176, 118717.241590995, 118745.060840951, 118760.548767081, 118770.054010598, 118782.385295647, 118790.226831883, 118832.903935995, 118836.261274395, 118842.08476165, 118861.932506442, 118876.05035959, 118882.288132225, 118906.127315005, 118933.870090203, 118998.870649095, 119072.526402851, 119076.928437763, 119088.199441958, 119103.892401199, 119113.347946489, 119135.415935265, 119138.483539959, 119145.767066841, 119184.037244505, 119222.813598214, 119227.777392068, 119235.766679598, 119247.286197727, 119254.510623006, 119286.965713539, 119303.330257455, 119307.173170007, 119316.980111581, 119335.953738132, 119370.332409772, 119378.776617877, 119383.478270089, 119411.205388861, 119416.539003324, 119426.063848738, 119436.155295462, 119466.692698723, 119481.444497042, 119504.460690454, 119521.334695954, 119552.975953835, 119613.412967825, 119629.985373568, 119669.149297884, 119676.983076051, 119685.17043353, 119691.658167028, 119705.063173925, 119724.759645229, 119729.231924132, 119774.048311643, 119790.578276149, 119794.182429547, 119797.300006837, 119805.028293244, 119835.973895385, 119881.362836526, 119919.717394512, 119922.935295565, 119948.612187727, 119959.620873035, 119973.664616695, 119982.532857606, 119990.130510252, 120004.820340935, 120016.3908306, 120051.811329092, 120073.699166414, 120091.068335289, 120100.551200748, 120107.851706888, 120124.210744803, 120155.001751308, 120179.63830867, 120192.353527781, 120199.902378028, 120214.956730063, 120219.906856841, 120243.501066003, 120264.502888789, 120276.403307678, 120291.693241682, 120303.553580015, 120316.893348938, 120324.292199344, 120329.127524853, 120349.202413971, 120392.120412772, 120397.490872718, 120409.142937412, 120420.748355151, 120433.503184599, 120444.780757709, 120461.207490918, 120485.702542005, 120495.76556275, 120525.678828191, 120535.369257153, 120569.734061024, 120596.955021044, 120608.351438002, 120626.351203291, 120631.253034857, 120639.415834309, 120644.463093823, 120649.018198203, 120665.883386435, 120669.527911439, 120678.426501549, 120694.277118017, 120703.131780467, 120709.558028574, 120719.01962007, 120727.422284505, 120752.402941545, 120797.855791535, 120818.908093144, 120879.929558967, 120884.983803428, 120888.269116046, 120899.449201056, 120910.053580806, 120932.845998485, 120935.770020244, 120954.081866103, 120962.057133701, 121015.836021713, 121045.014312863, 121065.797856672, 121113.173058205, 121127.124020471, 121136.554210041, 121140.887963045, 121152.334301189, 121165.676966848, 121179.397343287, 121186.890457252, 121189.724252862, 121205.419132032, 121212.895221757, 121218.486259045, 121224.762937159, 121237.085690252, 121245.500894767, 121253.499100684, 121257.755872887, 121276.108658831, 121281.926164936, 121293.807740741, 121302.135727207, 121329.075501681, 121350.207053201, 121358.79355944, 121376.725524596, 121380.919075317, 121409.595109898, 121428.996894467, 121440.219295434, 121444.760900649, 121465.944414143, 121500.805400377, 121504.16868749, 121520.390875093, 121526.627933193, 121533.647322452, 121546.842802873, 121555.94635545, 121567.204981084, 121589.454185192, 121602.709616177, 121608.362512353, 121617.561363331, 121624.063117626, 121629.535157457, 121640.4324079, 121644.951045521, 121664.695760395, 121677.941793169, 121688.828438576, 121697.3727833, 121702.6175099, 121714.15116073, 121729.030663225, 121739.045721584, 121754.029287047, 121764.040893852, 121775.905768679, 121805.527223523, 121816.85203809, 121863.178014443, 121879.218036716, 121889.481083158, 121895.169442903, 121904.940476738, 121915.240793108, 121927.286795259, 121934.985372984, 121945.020286979, 121951.709330545, 121962.859478417, 121982.733008134, 122003.968968614, 122010.342108982, 122027.412298575, 122032.344236826, 122063.164102193, 122074.934318813, 122087.573771623, 122114.655468881, 122124.076613412, 122133.173578379, 122138.824209816, 122146.968080581, 122150.763084182, 122157.274204295, 122173.816835428, 122180.188315474, 122187.894010109, 122197.001646363, 122203.965193377, 122218.617909847, 122234.920647143, 122262.268422641, 122311.243558847, 122320.376528733, 122326.569791639, 122341.472247654, 122364.582740713, 122376.854175838, 122381.114169471, 122396.793977449, 122409.81203873, 122417.344882432, 122426.153404485, 122439.758717384, 122443.702703863, 122478.184759268, 122486.526702892, 122522.391902836, 122539.427836417, 122561.190894939, 122568.79596019, 122574.615922384, 122588.996640782, 122594.139029872, 122601.39829221, 122605.092153822, 122610.275195583, 122621.559472012, 122634.233396254, 122640.903834544, 122649.347078726, 122657.828512841, 122674.826695855, 122680.731475351, 122685.676086308, 122701.257155138, 122706.106121905, 122725.309640605, 122737.798796883, 122743.434480301, 122747.304543964, 122759.293539514, 122779.21436221, 122810.90523957, 122819.631900685, 122834.485231521, 122849.195342603, 122861.182662788, 122881.570095167, 122890.291710169, 122893.088596586, 122913.13860038, 122928.884055903, 122940.766838982, 122948.726258728, 122971.659645097, 122987.085124133, 123009.406410592, 123020.15621625, 123054.93599558, 123092.219019778, 123099.69566012, 123105.529812886, 123110.708031948, 123117.115660681, 123140.426378105, 123144.891151225, 123179.521557178, 123190.6254168, 123212.281675781, 123231.211632106, 123238.812809453, 123251.108908039, 123314.028315673, 123317.958796706, 123332.734653475, 123365.438130941, 123373.944521817, 123382.153940406, 123387.820112756, 123398.249069112, 123405.609764305, 123416.046965802, 123440.876825934, 123445.388707266, 123450.477645569, 123463.008990178, 123472.94898823, 123486.65115813, 123504.454857578, 123513.965545376, 123537.513687854, 123559.502594161, 123566.583793947, 123579.260522565, 123591.883747527, 123599.051447763, 123604.764681131, 123620.713450357, 123640.992031073, 123651.983415455, 123682.624980561, 123708.735111029, 123726.350657933, 123740.747679973, 123759.658195363, 123774.671312654, 123794.472987281, 123817.716310082, 123830.219391486, 123848.883793145, 123871.480154362, 123878.245773606, 123893.709504748, 123903.197680213, 123933.550717986, 123936.318504264, 123942.257205647, 123962.850585122, 123980.301194505, 123987.264410181, 