{"initial_reset_timestamp": 406.526919835, "timestamps": [412.627413344, 474.478807108, 529.984001805, 667.354980182, 707.506039282, 720.555586651, 811.308430448, 948.726199162, 1042.696398321, 1054.524122029, 1105.69372618, 1203.417233549, 1212.520427147, 1277.115859923, 1285.401552416, 1421.208352833, 1514.056025534, 1542.892453828, 1611.630981498, 1657.92641779, 1686.619290935, 1722.38493446, 1779.641807341, 1817.847748478, 1851.755022246, 1904.866124733, 2020.647897824, 2064.616351439, 2149.961988112, 2231.841852173, 2293.60160177, 2310.074863963, 2341.159902013, 2430.788689459, 2453.040563118, 2555.823361308, 2629.130801316, 2653.202612711, 2708.534097439, 2758.545771982, 2825.329944462, 2860.227673043, 2944.566795153, 2991.721406089, 3058.129067188, 3125.460806146, 3160.328946642, 3185.587976594, 3216.37438109, 3329.574129317, 3357.077871777, 3407.306885487, 3476.907284198, 3523.410733846, 3598.792203341, 3646.614188123, 3698.361771188, 3766.991406902, 3851.788242333, 3917.969326284, 4054.880300614, 4074.905607035, 4077.421535687, 4144.884280774, 4276.496965196, 4335.013377604, 4386.309070285, 4441.344645754, 4504.305470666, 4509.648790317, 4540.570702966, 4584.419399182, 4687.843233247, 4740.886976544, 4758.833414011, 4799.992073857, 4860.206924199, 4899.952138454, 4963.537887664, 5018.118201316, 5121.76968753, 5148.819380634, 5178.434038491, 5198.94008876, 5244.235907726, 5301.327526425, 5425.583452444, 5464.370751193, 5512.040625521, 5553.645700043, 5586.070599959, 5645.181860324, 5673.299824204, 5705.874500399, 5842.728863485, 5874.082596494, 5895.675912604, 5976.523685209, 6018.449874925, 6073.698201171, 6131.305010987, 6223.036585182, 6332.818796731, 6406.467224473, 6463.572989327, 6508.095692796, 6560.638837704, 6591.249264667, 6637.234143626, 6689.407782249, 6763.393386295, 6813.134430994, 6943.376535718, 6990.723943577, 7040.340113232, 7150.559895732, 7223.759125794, 7273.955047182, 7411.40177179, 7431.766590057, 7437.681853403, 7469.145249325, 7511.720336002, 7645.148713937, 7714.049117337, 7851.018180278, 7928.450692682, 7977.602612706, 8019.983263207, 8033.954964072, 8058.908236024, 8096.339736698, 8130.676964037, 8250.53057092, 8314.877418744, 8375.22121029, 8436.050016865, 8501.666584414, 8638.338931978, 8710.445884168, 8799.695434199, 8935.907183344, 9006.769289274, 9144.46460029, 9280.796277049, 9337.662928999, 9467.881337077, 9566.702122145, 9703.948168998, 9841.547821685, 9870.211976763, 9922.175170964, 9983.099863362, 10120.39801566, 10257.835160869, 10302.277482886, 10373.777498317, 10430.353261843, 10549.060688413, 10667.266482199, 10804.563250114, 10857.207351532, 10909.121593163, 10990.883440726, 11054.655687643, 11149.630668695, 11286.531656716, 11422.710812224, 11520.051822053, 11657.07906719, 11794.844363634, 11923.585494566, 11984.432116702, 12065.465029746, 12151.117855657, 12289.420134994, 12360.242234177, 12498.463994598, 12596.59872932, 12732.637535903, 12869.76273496, 12913.63097573, 13025.282141716, 13122.672371558, 13259.499882277, 13336.193250361, 13473.4908889, 13511.896312397, 13649.910081523, 13707.553377181, 13806.189287939, 13943.556860957, 13985.093418764, 14115.444114221, 14214.38731799, 14308.704803238, 14354.840351236, 14401.649944346, 14540.97023069, 14678.03342328, 14815.009444769, 14952.196138555, 15089.708599004, 15132.804999511, 15269.178440629, 15320.317820704, 15398.614240594, 15431.495700646, 15569.309529162, 15621.47073662, 15661.649589277, 15755.233281318, 15807.394904726, 15895.648347628, 15965.187502647, 16043.67080978, 16103.824134701, 16241.619588441, 16283.948196673, 16302.70744919, 16372.073068681, 16440.367605002, 16577.802466954, 16648.645560058, 16785.781189637, 16923.853393858, 16981.233614634, 17118.235164759, 17149.442852714, 17286.188323804, 17386.365972175, 17423.813388034, 17561.800175033, 17666.269810778, 17733.39585979, 17871.427381003, 17940.295542051, 18077.206376563, 18214.126023297, 18286.066449737, 18395.694242524, 18470.807429296, 18524.177216801, 18661.194200584, 18726.69224202, 18732.551351284, 18870.760267511, 19007.265589333, 19142.941483529, 19279.358025554, 19343.697137417, 19479.802592305, 19596.339333906, 19733.034724374, 19870.981960274, 20004.063037739, 20141.727099252, 20182.787154311, 20300.453039048, 20436.519130652, 20574.526312987, 20600.529817014, 20641.3794864, 20777.836066975, 20915.192526664, 20979.699423709, 21116.929257463, 21196.73986956, 21308.834193409, 21445.636280863, 21562.043923559, 21698.4565342, 21734.25643196, 21872.037230308, 22009.170445098, 22147.859482054, 22241.364990096, 22378.883141171, 22516.95206355, 22653.016847616, 22790.873032464, 22927.342458658, 23064.838962352, 23202.28943212, 23339.588874167, 23476.866649155, 23614.821013978, 23751.074269623, 23888.641359016, 24025.430263601, 24161.556532761, 24234.850031539, 24371.61357139, 24508.107687455, 24646.248739477, 24683.025875114, 24821.038506059, 24951.36639353, 25034.850200974, 25170.603063174, 25222.161547608, 25360.019098357, 25481.830508708, 25618.178455189, 25698.022630711, 25834.351682318, 25955.603663377, 26092.557450943, 26229.230000856, 26366.967689113, 26505.651742486, 26581.383300703, 26717.701015064, 26852.918414359, 26975.299579086, 27113.047822982, 27249.13407212, 27385.950480641, 27523.936840382, 27661.949119743, 27800.969116697, 27938.306816398, 28075.174849372, 28212.317469837, 28348.209499206, 28439.412933718, 28576.525416437, 28712.420342998, 28849.885026645, 28986.778747124, 29124.704533507, 29262.616675955, 29391.2986545, 29528.645826999, 29559.329818993, 29696.72807448, 29835.000820107, 29971.627041841, 30109.462225867, 30246.820157149, 30366.46913141, 30503.902906982, 30641.52134799, 30778.947413602, 30916.456282929, 30932.759726702, 31069.671507347, 31207.20849776, 31319.778966666, 31455.501155172, 31592.502117481, 31729.893789086, 31867.008861175, 32005.04803959, 32142.542427579, 32281.177609109, 32392.076104544, 32524.52856451, 32623.439102649, 32760.496967883, 32897.208619391, 33032.789316466, 33169.243072647, 33197.580322685, 33334.877074713, 33472.127698737, 33609.135392917, 33687.967707086, 33809.153980833, 33947.656392355, 34085.170187298, 34112.073787727, 34249.135189733, 34385.704052574, 34522.903767851, 34586.965109993, 34723.889310356, 34860.840207486, 34895.239523969, 35032.78514026, 35170.47976693, 35306.827714425, 35444.982928535, 35500.647412071, 35638.667865739, 35775.879267409, 35826.831477172, 35963.910676072, 35998.658603361, 36136.026924923, 36272.379710942, 36410.296182868, 36547.673897284, 36663.153391201, 36800.46999061, 36937.504731144, 37074.716049509, 37212.490152105, 37297.353066844, 37433.507675431, 37570.834514255, 37707.458033015, 37844.395806258, 37981.543039167, 38118.592893096, 38255.431808059, 38290.22049127],