{"initial_reset_timestamp": 15107.429813099, "timestamps": [15192.738242058, 15277.672562965, 15361.813349808, 15446.768549205, 15531.140930657, 15615.575593632, 15699.314616426], "episode_lengths": [220, 220, 220, 220, 220, 220, 220], "episode_rewards": [100.0, 115.0, 115.0, 85.0, 100.0, 240.0, 160.0], "episode_types": ["t", "t", "t", "t", "t", "t", "t", "t"]}