{"initial_reset_timestamp": 222329.134605228, "timestamps": [222347.789368162, 222356.959055943, 222363.622148322, 222379.514623986, 222398.607702092, 222410.34693211, 222423.256013803, 222439.05479985, 222463.110544415, 222467.27458941, 222494.478505192, 222500.221552075, 222506.789698827, 222518.494084859, 222546.874755658, 222557.951135392, 222574.123515611, 222589.862544767, 222594.074012355, 222646.318537319, 222666.522385285, 222696.836229195, 222704.36712987, 222710.796466705, 222726.876073515, 222757.583734792, 222762.316214935, 222772.606586634, 222776.374642047, 222779.704015668, 222790.148314419, 222798.801843891, 222811.215985883, 222820.670024331, 222831.309675817, 222834.902555156, 222852.726095541, 222860.135799656, 222869.843169736, 222899.988151891, 222915.159709499, 222932.389795374, 222952.075734612, 223005.109876061, 223018.19117575, 223043.131437939, 223057.104430351, 223067.328595835, 223090.383447514, 223109.131109387, 223124.436325123, 223138.581388189, 223147.444064471, 223154.330929027, 223161.605802977, 223173.076492534, 223182.655787682, 223193.603077161, 223216.658200057, 223261.114351088, 223273.468626802, 223280.100710179, 223283.376637829, 223319.12613474, 223345.405490646, 223387.413277688, 223392.540939914, 223404.528559468, 223411.583839164, 223424.181127007, 223431.380122193, 223440.402492908, 223478.207479176, 223488.802662647, 223498.197668127, 223521.766078841, 223544.015392757, 223568.690369338, 223595.605238032, 223606.215634524, 223613.008078967, 223616.983148908, 223631.274262998, 223654.214757278, 223680.096441928, 223691.461331281, 223710.391338927, 223726.735340419, 223735.959908844, 223743.557519428, 223761.466914655, 223773.316292533, 223809.906407887, 223820.332591277, 223825.278626647, 223830.770602824, 223839.059813903, 223843.787679499, 223861.72895114, 223865.098250138, 223871.333855616, 223875.22965794, 223902.612448565, 223960.352963383, 223975.732006928, 223991.821372091, 224003.17326938, 224008.127158666, 224020.011991087, 224048.361810723, 224074.813558488, 224079.860705601, 224083.998218285, 224113.315350749, 224124.758941675, 224172.165311006, 224184.537929234, 224214.935754849, 224228.689518049, 224302.128110314, 224316.443517277, 224326.94608841, 224335.830275113, 224354.334067261, 224364.172158339, 224385.791438565, 224417.665886889, 224451.357396056, 224471.257807865, 224476.316688391, 224485.343662991, 224511.867049861, 224560.060398676, 224566.658469584, 224580.878201123, 224603.697062733, 224609.281631109, 224622.389482461, 224629.259306678, 224655.391334854, 224664.972086674, 224686.352322031, 224691.435972382, 224700.341325202, 224733.355132193, 224737.495856312, 224756.742417957, 224776.333340306, 224824.780969972, 224832.034009776, 224851.951465785, 224864.029873861, 224872.250403114, 224879.21352013, 224916.139530873, 224925.20143698, 224934.150568855, 224941.471632979, 224962.387400112, 224994.963243872, 225022.019903465, 225054.371647267, 225069.974312396, 225104.431352284, 225124.501587538, 225147.534430571, 225154.552315528, 225157.766835884, 225214.86153922, 225229.291512225, 225234.87864651, 225268.246902076, 225275.917434332, 225294.436412912, 225301.072786776, 225335.908942926, 225354.51136854, 225359.925764422, 225380.357128433, 225384.495078805, 225425.166903032, 225440.449037751, 225451.52016319, 225480.544440093, 225523.732084529, 225548.465845652, 225570.540104235, 225613.452970958, 225643.950223431, 225650.43238121, 225652.524700116, 225659.834830945, 225673.146434472, 225681.924791216, 225695.491325826, 225719.028187829, 225727.277023483, 225737.269558502, 225745.098273608, 225749.270141103, 225768.038419581, 225775.571075807, 225821.685918989, 225834.009049891, 225842.757915927, 225847.216910144, 225873.357322685, 225930.796689538, 225953.883595812, 225958.006950525, 225963.377615447, 225995.603655282, 226001.829201332, 226045.498132518, 226090.42755799, 226102.902951997, 226143.893218008, 226160.549573807, 226179.013164183, 226189.371497321, 226193.19048548, 226199.648181507, 226215.079491144, 226220.988533047, 226225.669857918, 226235.903859764, 226250.199439575, 226284.98530556, 226300.522757016, 226327.377941953, 226358.4391171, 226369.603246607, 226393.312722841, 226430.706632408, 226436.069955326, 226442.260960131, 226478.543734769, 226486.413588677, 226511.319499472, 226519.025282887, 226536.646177144, 226556.738453953, 226571.637237305, 226574.93393855, 226592.449639666, 226640.897471764, 226648.804936944, 226655.624130022, 226688.92767552, 226707.953808005, 226718.439246928, 226728.005887324, 226735.375961524, 226741.671143114, 226748.912965669, 226771.562047506, 226776.741883443, 226814.741849984, 226830.145519371, 226840.996415498, 226862.989232053, 226879.059849712, 226885.864697095, 226890.072528775, 226918.993908221, 226932.050982257, 226970.611424935, 226980.252177003, 227009.371032736, 227018.455621709, 227050.400014603, 227066.778374992, 227077.302135028, 227099.926275994, 227110.648688012, 227148.591227532, 227160.122680208, 227173.817006357, 227184.586182143, 227188.675023705, 227191.549177125, 227213.724656174, 227264.545644701, 227277.848769624, 227282.950339281, 227303.758989181, 227363.658275154, 227397.202060959, 227409.0149904, 227418.041162065, 227429.588564134, 227434.762172935, 227468.914868564, 227489.540450194, 227497.821130993, 227505.675624341, 227519.672396182, 227540.395980699, 227543.634121719, 227557.592352171, 227567.516056884, 227573.916377024, 227579.622372659, 227591.325269491, 227600.844106356, 227612.413794455, 227639.486297042, 227662.628349927, 227679.612102186, 227744.340191703, 227748.258034829, 227757.584979827, 227768.786942771, 227773.948053743, 227824.236046686, 227834.912089974, 227841.263464607, 227880.07912107, 227933.708353697, 227942.171646895, 227961.315051184, 227999.116252797, 228004.557168933, 228011.39941047, 228019.774301695, 228037.264081988, 228050.273829286, 228070.350924493, 228074.561011553, 228125.573259979, 228200.147792004, 228205.036913995, 228221.085245703, 228224.840714841, 228230.822352139, 228248.852352217, 228258.841707012, 228271.814282292, 228282.853779825, 228304.06269109, 228311.064484858, 228319.366476565, 228324.227618073, 228326.630315573, 228342.256192215, 228355.164128884, 228372.056516575, 228378.5737019, 228469.899946886, 228476.651512257, 228487.74805425, 228492.146762601, 228498.715971168, 228532.013736503, 228542.220009729, 228580.08173654, 228586.564675777, 228599.014252764, 228617.094756012, 228624.184198047, 228628.596953885, 228654.663168054, 228661.008064486, 228680.484085977, 228692.534574113, 228726.800016272, 228744.196905061, 228762.009253609, 228778.872212934, 228800.303581939, 228824.004149619, 228843.56474152, 228851.406476852, 228853.843030335, 228863.698462227, 228889.292987984, 228894.790776029, 228911.967064154, 228916.108750563, 228930.39479868, 228959.965577811, 228963.823587798, 228974.420092497, 229013.312381299, 229036.153760024, 229047.02049016, 229057.32179353, 229087.394692737, 229090.522914883, 229105.423784081, 229117.28048103, 229127.690741695, 229134.9113925, 229143.888644161, 229166.343366903, 229171.738023918, 229182.901674841, 229210.060345978, 229244.698049952, 229272.253583958, 229282.313145158, 229291.476663035, 229294.930026152, 229325.774709235, 229385.755847637, 229388.458395786, 229412.192344146, 229493.509514261, 229501.396518442, 229506.18455793, 229512.127820257, 229547.220720727, 229558.983606062, 229574.098975491, 229601.05258265, 229615.724513284, 229629.613684444, 229648.173251592, 229686.540893763, 229696.917268057, 229719.682456616, 229729.48979417, 229737.411062198, 229751.818957013, 229760.762454379, 229769.663715286, 229789.056566965, 229802.703221131, 229806.345595989, 229881.456472771, 229885.419638951, 229891.044734529, 229909.778626646, 229921.098090435, 229933.227147353, 229962.774540697, 229972.348534497, 229977.876447969, 230004.589202088, 230042.232404577, 230048.536137532, 230060.604767735, 230134.162270824, 