{"initial_reset_timestamp": 295310.796392109, "timestamps": [295332.967818736, 295350.869050045, 295403.546476086, 295426.800947693, 295431.433102944, 295439.561025303, 295448.715204965, 295451.627871889, 295471.050175228, 295481.021817283, 295498.841251923, 295508.491333024, 295513.019969923, 295545.933866688, 295557.749326062, 295560.777080076, 295608.77128701, 295611.393830313, 295649.688041058, 295656.259966309, 295668.634639791, 295683.829869729, 295693.239039722, 295706.060952904, 295726.352838648, 295742.279059475, 295759.596156896, 295765.291539749, 295782.093856098, 295806.567944229, 295819.013959839, 295836.275422925, 295847.183940947, 295858.206659329, 295871.013337192, 295886.23321076, 295927.283403383, 295932.234513631, 295949.744377005, 295988.098626986, 295996.487401081, 296009.010718517, 296052.323345664, 296061.311452613, 296073.895572719, 296097.047065539, 296102.728871139, 296109.763902099, 296123.373592435, 296134.057273964, 296188.223846249, 296201.062009394, 296240.461348581, 296265.982104493, 296272.757353676, 296286.323753639, 296329.0069093, 296339.681815011, 296349.752828786, 296365.992633845, 296371.941792893, 296384.230026248, 296412.849845279, 296430.817829192, 296451.356680014, 296465.416978146, 296474.011498786, 296504.74366774, 296512.388183689, 296521.355150901, 296526.457878451, 296537.956690226, 296551.276074579, 296561.436892206, 296566.156728644, 296590.992527833, 296660.243104996, 296664.554908977, 296672.720492351, 296698.531877993, 296703.981313418, 296712.52340631, 296716.623242482, 296722.004760785, 296739.846759369, 296776.982792889, 296828.924339348, 296832.201050208, 296873.68473695, 296879.181231675, 296978.812230356, 296985.611540013, 297008.286435749, 297025.555936605, 297046.709236384, 297055.07138883, 297068.369422375, 297101.182624135, 297106.272760851, 297114.594548676, 297136.318615708, 297166.665093907, 297178.592095711, 297199.353250999, 297208.068359655, 297229.276247835, 297247.206018315, 297257.106114127, 297266.604184108, 297291.687238017, 297297.951828793, 297317.496904924, 297323.462917738, 297330.612353845, 297344.551807817, 297347.268117114, 297353.928964716, 297358.649924642, 297365.838453124, 297387.452702951, 297405.710865989, 297416.594808805, 297423.416580227, 297434.971612908, 297491.762494565, 297498.194523545, 297510.030595394, 297522.641303737, 297529.477020654, 297532.959767155, 297539.514338476, 297543.987200872, 297553.469450141, 297560.347834398, 297610.583474278, 297648.315992194, 297665.769630098, 297670.75433955, 297683.254969094, 297687.244941058, 297745.626922544, 297758.506619033, 297780.383174235, 297806.250651227, 297810.930030211, 297817.379216568, 297838.296313401, 297852.552464911, 297857.854035412, 297868.524320477, 297882.452557479, 297903.197327417, 297918.639429683, 297923.757320659, 297926.851058347, 297935.327554315, 297942.083549962, 297965.558578222, 297998.288729014, 298005.914301343, 298022.773401502, 298028.150878613, 298033.46320369, 298036.10978636, 298064.531240125, 298081.746570053, 298094.864383009, 298100.304459117, 298112.536228842, 298136.233468309, 298139.299416509, 298146.821106833, 298197.179912884, 298208.775281303, 298250.414067865, 298281.44289663, 298287.244079371, 298314.296548371, 298348.687732277, 298354.866929319, 298419.077119524, 298432.62001771, 298437.58614949, 298442.248901556, 298457.480477842, 298468.091065541, 298492.099411461, 298495.893882788, 298509.583259934, 298520.458863016, 298528.484999872, 298539.627385104, 298549.381170092, 298571.179676101, 298626.696214524, 298655.053910446, 298665.578138852, 298676.706935668, 298691.797538623, 298702.193585444, 298719.05441898, 298760.047609999, 298774.497740249, 298786.392372982, 298813.602685901, 298853.232971898, 298857.619095372, 298876.360897059, 298891.159989581, 298918.164193514, 298933.477530473, 298946.939488082, 298960.347119539, 298968.197448033, 298971.535514321, 299018.164405, 299036.914248454, 299052.723646612, 299078.368281272, 299097.15732631, 299125.162926012, 299151.752955517, 299188.000512273, 299210.596439266, 299221.801894652, 299225.43369303, 299236.919933213, 299245.005366282, 299254.1255902, 299270.350715912, 299278.525086052, 299291.558515253, 299307.971934747, 299313.713545079, 299325.319636487, 299376.644173202, 299381.486242676, 299401.817094422, 299415.471271454, 299433.015894305, 299448.454096969, 299452.582967943, 299469.044911909, 299474.224551111, 299498.957975408, 299510.994227718, 299525.303784416, 299570.815586148, 299587.256594089, 299606.718561696, 299615.597644659, 299645.066729617, 299652.667659297, 299655.587278139, 299662.056106145, 299681.167381675, 299704.682101544, 299712.613813832, 299722.428852502, 299735.406539054, 299743.500044642, 299760.126734079, 299783.03037842, 299802.173685477, 299821.770884883, 299875.917747315, 299921.816347557, 299942.180249189, 299949.947966847, 299975.702135113, 299983.988002128, 299992.650271764, 300000.136781358, 300003.322129496, 300026.101672172, 300036.608930252, 300062.358794167, 300070.911013822, 300081.787021181, 300105.418106736, 300111.93265658, 300115.009137911, 300132.071444627, 300146.364658779, 300156.352297561, 300173.295158957, 300178.002426336, 300185.058915267, 300195.922154014, 300222.356256524, 300230.078599972, 300238.524462143, 300259.085258122, 300267.326455934, 300294.177553443, 300300.548055947, 300310.15022612, 300316.627602892, 300333.459049194, 300353.720082338, 300366.761697503, 300371.096477204, 300391.295771792, 300396.172333787, 300400.35219183, 300407.938145037, 300430.592825747, 300443.382392853, 300468.297309528, 300480.117387967, 300513.282188522, 300522.377166236, 300530.236909291, 300532.338508108, 300548.568637052, 300591.698466475, 300710.969486097, 300730.581969656, 300743.912698247, 300750.861800512, 300773.749877246, 300806.666967578, 300826.130655025, 300835.481872634, 300840.458144817, 300851.146869451, 300854.354936838, 300871.290588244, 300914.444124486, 300934.536800054, 300945.175232559, 300955.604780857, 300988.47267568, 301045.715487276, 301064.003489263, 301072.717698043, 301081.969847884, 301091.987205541, 301112.340379889, 301128.189100186, 301167.43945626, 301249.890582754, 301276.885057315, 301290.886675955, 301323.790624285, 301329.607320182, 301389.501111907, 301395.63179901, 301417.449603196, 301425.395216947, 301434.207958171, 301442.083056238, 301513.458474145, 301536.550761167, 301543.642777166, 301551.722043816, 301556.157017445, 301570.727837213, 301576.172687331, 301604.475106035, 301622.996627537, 301629.655443114, 301656.978732489, 301669.236044753, 301675.902675321, 301692.022160529, 301703.421282992, 301709.823536749, 301758.372728752, 301783.120956765, 301804.768475066, 301820.391637162, 301827.901196746, 301830.932419581, 301835.00670679, 301842.340099532, 301855.414255784, 301885.86282146, 301902.141239471, 301905.630990883, 301926.826816388, 301953.339582431, 301959.949256326, 301999.946929569, 302011.216899996, 302021.623903544, 302026.454099678, 302036.28725226, 302042.857219851, 302052.743812229, 302073.737022864, 302133.163315316, 302158.519483365, 302167.688220586, 302183.597266544, 302208.218660254, 302218.0479742, 302254.541475517, 302270.699331771, 302279.558095732, 302293.880771488, 302323.184187382, 302332.99573921, 302338.923615504, 302367.714964717, 302393.775803533, 302398.314392972, 302433.31656455, 302449.498581957, 302479.103094088, 302489.477311982, 302497.04497404, 302506.521464465, 302516.971121048, 302545.796499104, 302559.381295595, 302570.627567536, 302583.868834647, 302596.857991944, 302616.669587809, 302631.190528423, 302636.731106252, 302641.650502943, 302647.408484609, 302675.96180962, 302694.450779427, 302705.894717265, 302713.224065248, 302720.20826711, 302733.166993918, 302751.304557319, 302788.040664609, 302794.162860528, 302811.547813665, 302826.03102895, 302845.705633235, 302859.305219244, 302867.920591257, 302877.944928636, 302894.320950308, 302900.178699214, 302908.635887415, 302919.656517459, 