{"initial_reset_timestamp": 16528.007207589, "timestamps": [16552.415900081, 16557.302756801, 16577.931305734, 16584.808753427, 16601.249438288, 16608.08144278, 16624.31831002, 16631.132962375, 16648.742068714, 16654.970213576, 16661.364692425, 16674.188499734, 16686.194690413, 16695.435495384, 16707.664095106, 16714.103646614, 16720.410777083, 16727.407151033, 16743.756208446, 16751.679023677, 16760.04036792, 16770.762664273, 16780.413648293, 16796.609840058, 16802.304535682, 16815.356102593, 16827.210857012, 16832.919556986, 16838.656456277, 16846.065262471, 16854.027938051, 16863.876343693, 16871.760757151, 16878.949073056, 16886.521540447, 16894.997392623, 16912.402921342, 16921.15540131, 16927.934899701, 16937.393644573, 16951.485759018, 16964.508812998, 16973.139023042, 16981.120945799, 16988.059510903, 17001.707841235, 17016.271238964, 17023.329813125, 17036.230824138, 17042.826954939, 17051.613615199, 17076.370105934, 17085.429769198, 17093.313773382, 17101.392306299, 17108.170172187, 17120.36261102, 17128.063063536, 17139.322926813, 17151.525469306, 17161.470757361, 17169.457127621, 17177.058590564, 17183.796584805, 17190.865109372, 17204.438782183, 17211.153707182, 17217.2377815, 17227.504309554, 17246.932534028, 17253.135387261, 17262.325125666, 17271.478034891, 17278.351399133, 17286.463432113, 17297.913882187, 17306.970370042, 17323.737527336, 17330.7010382, 17342.411626345, 17353.633885887, 17365.398781144, 17375.101210345, 17388.653446386, 17398.923554631, 17403.965843405, 17409.978278865, 17415.976102354, 17422.123453114, 17434.284539319, 17448.462506211, 17463.489094372, 17478.171517432, 17493.234879883, 17503.941501156, 17517.293928606, 17524.348703227, 17531.524154044, 17539.423710325, 17546.938050836, 17553.028378653, 17575.7278133, 17581.266501916, 17595.40466506, 17610.671253477, 17621.028749867, 17631.361296879, 17644.772005201, 17663.572510712, 17670.520270429, 17675.955824883, 17682.146985799, 17691.395475456, 17698.500670336, 17707.839092122, 17721.164509773, 17736.334724255, 17750.590374687, 17760.303016878, 17766.861933034, 17786.072085397, 17793.554942594, 17804.189112196, 17810.317254744, 17823.257441084, 17831.584750244, 17839.130377928, 17846.882740772, 17857.493925669, 17869.924231062, 17880.865606394, 17888.292229717, 17899.989781665, 17914.996895779, 17922.209268095, 17941.258992684, 17949.00325414, 17955.831957452, 17964.095455093, 17973.84073479, 17980.270470778, 17987.839097423, 17994.93959966, 18003.149098131, 18008.7331302, 18021.839817789, 18041.42585351, 18056.527649706, 18066.770452635, 18073.130259488, 18090.187744707, 18098.370262064, 18114.187394741, 18120.362890599, 18129.369528826, 18136.395611525, 18142.883344967, 18151.420408294, 18161.909898502, 18171.133665795, 18182.518402502, 18189.275635049, 18203.644768239, 18218.490583313, 18229.979212536, 18242.617883669, 18249.024611135, 18259.309997732, 18267.040021899, 18275.808710252, 18284.199273294, 18303.493659079, 18308.614770269, 18316.698725801, 18323.458777321, 18336.087580182, 18345.037916927, 18351.778034881, 18360.953315972, 18369.333142212, 18380.37132436, 18386.287401207, 18391.44693135, 18403.72027514, 18420.420997151, 18432.514175305, 18445.58100063, 18461.587073049, 18479.494438254, 18486.172580782, 18492.79839131, 18499.936113766, 18506.298908666, 18519.139159905, 18528.551914935, 18535.210879075, 18541.382210977, 18549.219821233, 18555.762248419, 18573.976516808, 18581.59384628, 18595.002186575, 18600.72301554, 18608.870223081, 18616.372035009, 18622.092476744, 18632.357238844, 18643.007049355, 18653.351298481, 18662.342801567, 18668.065208233, 18689.923243752, 18698.483636222, 18705.775898584, 18711.165800069, 18716.934358204, 18733.608611121, 18743.052746442, 18755.35039454, 18760.445696303], "episode_lengths": [78, 15, 67, 21, 52, 22, 50, 21, 56, 20, 20, 41, 37, 28, 39, 20, 20, 21, 52, 25, 27, 33, 30, 50, 18, 41, 37, 18, 18, 23, 25, 31, 25, 22, 24, 27, 54, 27, 21, 29, 45, 40, 28, 25, 22, 44, 47, 22, 41, 21, 26, 79, 29, 24, 26, 22, 39, 24, 36, 39, 32, 25, 24, 21, 22, 43, 21, 19, 32, 63, 20, 30, 29, 22, 26, 36, 29, 54, 22, 37, 36, 38, 31, 44, 31, 15, 19, 19, 19, 38, 45, 48, 48, 49, 34, 42, 22, 23, 25, 24, 19, 71, 17, 43, 49, 33, 33, 43, 59, 22, 17, 18, 29, 23, 28, 43, 48, 46, 29, 20, 63, 24, 34, 19, 42, 26, 23, 24, 34, 39, 34, 24, 37, 46, 22, 61, 24, 22, 26, 31, 20, 24, 22, 26, 18, 43, 62, 49, 31, 20, 55, 25, 51, 19, 29, 22, 20, 26, 33, 30, 37, 21, 43, 45, 37, 40, 20, 32, 24, 28, 25, 63, 16, 26, 22, 39, 27, 21, 29, 27, 35, 18, 15, 39, 54, 39, 42, 50, 58, 21, 21, 23, 20, 41, 28, 20, 19, 25, 21, 59, 24, 43, 18, 26, 24, 18, 32, 33, 34, 27, 18, 70, 27, 23, 17, 18, 54, 30, 40, 16], "episode_rewards": [465.0, -415.0, 380.0, 445.0, 470.0, 450.0, 475.0, 445.0, 465.0, 450.0, 445.0, 460.0, 465.0, 450.0, 455.0, 445.0, 450.0, 450.0, 470.0, 450.0, 450.0, 460.0, 440.0, 445.0, 445.0, 460.0, 470.0, 445.0, 445.0, 445.0, 445.0, 450.0, 450.0, 445.0, 445.0, 450.0, 465.0, 430.0, 450.0, 450.0, 465.0, 465.0, 435.0, 440.0, 435.0, 460.0, 455.0, 450.0, 465.0, 450.0, 450.0, 510.0, 450.0, 450.0, 450.0, 435.0, 455.0, 440.0, 460.0, 450.0, 450.0, 445.0, 415.0, 445.0, 435.0, 460.0, 435.0, 445.0, 445.0, 485.0, 450.0, 445.0, 450.0, 440.0, 455.0, 455.0, 450.0, 445.0, 450.0, 465.0, 445.0, 455.0, 440.0, 455.0, 460.0, 445.0, 450.0, 450.0, 445.0, 460.0, 460.0, 465.0, 465.0, 470.0, 455.0, 455.0, 435.0, 445.0, 450.0, 435.0, 445.0, 465.0, 445.0, 460.0, 465.0, 450.0, 450.0, 460.0, 470.0, 415.0, 445.0, 445.0, 450.0, 440.0, 445.0, 445.0, 465.0, 460.0, 460.0, 445.0, 460.0, 450.0, 445.0, 445.0, 455.0, 450.0, 445.0, 450.0, 450.0, 465.0, 455.0, 445.0, 435.0, 455.0, 445.0, 485.0, 440.0, 435.0, 440.0, 455.0, 445.0, 450.0, 445.0, 455.0, 435.0, 450.0, 465.0, 465.0, 450.0, 445.0, 470.0, 440.0, 460.0, 445.0, 445.0, 415.0, 445.0, 455.0, 460.0, 445.0, 450.0, 450.0, 465.0, 470.0, 455.0, 460.0, 445.0, 455.0, 450.0, 445.0, 445.0, 460.0, 445.0, 440.0, 435.0, 455.0, 455.0, 435.0, 450.0, 445.0, 455.0, 445.0, 445.0, 460.0, 455.0, 450.0, 455.0, 480.0, 480.0, 445.0, 450.0, 450.0, 445.0, 465.0, 450.0, 450.0, 445.0, 455.0, 450.0, 465.0, 440.0, 450.0, 445.0, 440.0, 435.0, 435.0, 435.0, 450.0, 440.0, 455.0, 445.0, 480.0, 405.0, 450.0, 445.0, 445.0, 460.0, 455.0, 450.0, 445.0], "episode_types": ["t", "t", "t", "t", "t", "t", "t", "t", "t", "t", "t", "t", "t", "t", "t", "t", "t", "t", "t", "t", "t", "t", "t", "t", "t", "t", "t", "t", "t", "t", "t", "t", "t", "t", "t", "t", "t", "t", "t", "t", "t", "t", "t", "t", "t", "t", "t", "t", "t", "t", "t", "t", "t", "t", "t", "t", "t", "t", "t", "t", "t", "t", "t", "t", "t", "t", "t", "t", "t", "t", "t", "t", "t", "t", "t", "t", "t", "t", "t", "t", "t", "t", "t", "t", "t", "t", "t", "t", "t", "t", "t", "t", "t", "t", "t", "t", "t", "t", "t", "t", "t", "t", "t", "t", "t", "t", "t", "t", "t", "t", "t", "t", "t", "t", "t", "t", "t", "t", "t", "t", "t", "t", "t", "t", "t", "t", "t", "t", "t", "t", "t", "t", "t", "t", "t", "t", "t", "t", "t", "t", "t", "t", "t", "t", "t", "t", "t", "t", "t", "t", "t", "t", "t", "t", "t", "t", "t", "t", "t", "t", "t", "t", "t", "t", "t", "t", "t", "t", "t", "t", "t", "t", "t", "t", "t", "t", "t", "t", "t", "t", "t", "t", "t", "t", "t", "t", "t", "t", "t", "t", "t", "t", "t", "t", "t", "t", "t", "t", "t", "t", "t", "t", "t", "t", "t", "t", "t", "t", "t", "t", "t", "t", "t", "t", "t", "t", "t", "t", "t", "t"]}