{"initial_reset_timestamp": 308711.520066196, "timestamps": [308729.343610758, 308749.999835057, 308756.265706828, 308768.056232251, 308773.088968899, 308775.868832658, 308794.037132948, 308804.456780903, 308821.615784641, 308837.170855264, 308860.045561229, 308862.906591094, 308877.889371827, 308884.738873761, 308894.863237796, 308911.839488189, 308919.331473563, 308927.385957984, 308930.951353098, 308938.842969055, 308944.383512655, 308962.008665703, 309009.362775318, 309025.52250761, 309048.910367565, 309051.659941093, 309059.778416758, 309077.794795255, 309091.75567587, 309103.286750708, 309106.014773864, 309116.633827989, 309122.878902102, 309155.251375345, 309165.448759567, 309184.091158053, 309210.989256851, 309229.955927315, 309233.752021694, 309240.46713342, 309253.087154943, 309263.739426839, 309267.257881329, 309269.783790928, 309299.513898322, 309313.429177345, 309330.874613808, 309335.260517758, 309364.138829145, 309367.485432492, 309371.939671245, 309376.848310627, 309379.780849689, 309388.190624843, 309391.244517564, 309399.92935656, 309423.169823903, 309441.849223222, 309459.718173108, 309474.037139023, 309485.1554475, 309493.820649543, 309510.680546346, 309517.54936275, 309531.678150501, 309535.08234921, 309551.672970326, 309554.175887792, 309558.201369522, 309588.172900986, 309592.260033808, 309596.412587209, 309608.701678091, 309625.857002266, 309629.733849979, 309637.184626523, 309658.208677908, 309664.171043865, 309669.561597451, 309681.986053998, 309689.190780455, 309699.937691226, 309706.162533732, 309737.77627138, 309756.187882235, 309765.318323635, 309779.694494157, 309782.769974991, 309785.201175859, 309794.931658886, 309799.127540585, 309826.123723134, 309833.773100756, 309843.918866125, 309846.396430465, 309862.57971329, 309870.462516781, 309881.902893628, 309891.798101961, 309898.990400699, 309903.952448692, 309911.859503471, 309943.687473357, 309967.256810122, 309980.814539304, 310001.450514467, 310003.660470339, 310020.305852415, 310023.83970908, 310047.560353051, 310057.570909422, 310072.701558716, 310088.365388039, 310096.42487977, 310104.906966986, 310111.836266297, 310135.32206349, 310143.571237542, 310161.71318962, 310175.457785767, 310181.019525851, 310183.236161315, 310200.088524516, 310258.279149882, 310301.065033323, 310304.994564464, 310308.857036293, 310314.627766981, 310353.039592972, 310361.329145704, 310365.125296358, 310367.414256989, 310370.372964136, 310373.718004776, 310381.158965013, 310385.458032789, 310391.231366321, 310403.790697673, 310409.135756666, 310419.874524083, 310444.392718007, 310453.45330374, 310456.654763762, 310459.454997318, 310479.692057137, 310496.798313191, 310500.672603134, 310521.107425476, 310538.960173912, 310546.677673133, 310567.17421925, 310610.046873752, 310612.678281751, 310619.222629365, 310642.574783146, 310653.888776895, 310680.941318946, 310683.780808912, 310737.431230113, 310749.976301311, 310765.303691316, 310814.058390315, 310819.768667585, 310828.38977704, 310833.001384061, 310841.088145012, 310877.615740162, 310886.301697819, 310888.3784402, 310899.669407584, 310918.854182547, 310926.318322653, 310955.947461922, 310964.551163686, 310989.020897831, 310993.527980147, 310999.53897709, 311007.890837211, 311012.356234665, 311016.309032148, 311019.587742424, 311028.614427742, 311058.842095138, 311077.872574878, 311085.815933764, 311098.325183094, 311102.753614856, 311111.219335773, 311120.223339324, 311125.254264188, 311139.318037095, 311146.870370065, 311151.33209712, 311154.370818865, 311172.384638731, 311177.966429961, 311208.518915599, 311214.391517353, 311237.554654213, 311254.6446121, 311286.917962812, 311291.540737358, 311303.558704841, 311314.06499525, 311327.110962282, 311332.389732593, 311340.92471047, 311387.580693708, 311400.461898765, 311413.22899907, 311422.141771663, 311428.053447507, 311433.926877749, 311442.580069905, 311453.914710987, 311464.064415669, 311468.497816604, 311482.635353286, 311489.188515861, 311501.068037156, 311503.18773947, 311506.240462923, 311515.351151828, 311550.546758142, 311558.870210627, 311575.411105336, 311584.097467117, 311604.960360695, 311606.768449326, 311616.915394768, 311631.612892939, 311636.545117213, 311643.947198476, 311647.636356076, 311661.644873316, 311672.326092057, 311674.431194124, 311691.6780359, 311709.571149856, 311717.284154017, 311725.024477615, 311781.175612808, 311801.730697023, 311822.652621329, 311915.489433093, 311926.614077002, 311932.865264349, 311958.485000135, 311962.944410529, 311993.916506142, 312010.374740727, 312013.733833507, 312019.176417133, 312027.186682745, 312048.797466534, 312058.374390405, 312061.423047338, 312064.004421786, 312072.373735657, 312077.247353977, 312094.221047982, 312110.980514863, 312112.864012433, 312126.939852825, 312134.036309425, 312148.820496182, 312164.516586462, 312169.984467414, 312182.991508971, 312200.537493087, 312210.125595592, 312218.982321801, 312225.538608715, 312232.608756527, 312236.131938865, 312252.889621583, 312259.850641378, 312268.963202629, 312285.06938941, 312288.827968449, 312294.509980945, 312303.438795519, 312307.412419084, 312312.324454328, 312361.836593316, 312375.92341883, 312380.311341411, 312384.063498809, 312387.406592599, 312409.269111119, 312417.718766502, 312433.502154021, 312441.88363566, 312465.47500091, 312470.354160934, 312486.57615395, 312501.633775909, 312503.930309929, 312512.443541904, 312514.713284289, 312525.933052034, 312532.630146603, 312557.243374677, 312571.942867466, 312576.970960016, 312588.731503929, 312607.692244763, 312622.804302648, 312627.834710348, 312635.405019932, 312644.931006833, 312650.634505526, 312655.347356555, 312662.358756258, 312672.56495064, 312674.868783528, 312680.483798997, 312689.319610851, 312702.123191908, 312708.762328633, 312716.87618198, 312721.530635272, 312734.571024095, 312737.930032793, 312746.780989913, 312753.468466967, 312784.139939918, 312786.206831542, 312800.748398948, 312803.663570757, 312812.046766781, 312818.536170321, 312834.637311155, 312846.823396181, 312867.558042451, 312871.363832695, 312877.523362079, 312930.720071464, 312955.508150094, 312969.913842666, 312975.46849276, 312987.545830191, 312993.176441361, 312997.770717126, 313007.366105583, 313015.256651785, 313030.731818845, 313036.078402431, 313040.754813087, 313053.242884208, 313060.598382289, 313070.855870666, 313081.468928601, 313089.974447082, 313127.449769043, 313138.699173066, 313141.647728577, 313150.716018098, 313197.198388419, 313204.576675361, 313225.194519689, 313231.993585102, 313247.547261244, 313267.350342671, 313270.676234055, 313316.198095799, 313322.582229766, 313345.47151282, 313363.740314201, 313372.473821392, 313378.017798551, 313382.024068344, 313385.264968919, 313392.921271323, 313402.692132185, 313407.371391573, 313410.295486566, 313433.294578875, 313436.861670957, 313448.37824141, 313459.786784463, 313485.737847451, 313491.004849756, 313494.699295471, 313525.408315649, 313541.980135408, 313559.58885207, 313570.551898165, 313577.084508254, 313587.641581793, 313593.598037075, 313616.122264558, 313619.905117738, 313627.309422373, 313635.089952066, 313647.643242339, 313666.199530487, 313669.174526015, 313671.575773035, 313675.039673459, 313686.266261252, 313698.358625055, 313724.187957755, 313731.233679214, 313733.35542357, 313749.235881545, 313769.577197741, 313780.059436272, 313805.662845478, 313813.474871252, 313846.989783138, 313851.328635154, 313856.385514404, 313865.984982055, 313873.33971968, 313946.775982235, 314007.85324214, 314013.919434068, 314037.350617657, 314043.469260624, 314071.967297477, 314087.016759269, 314088.828003197, 314094.086424912, 314101.470646708, 314147.85238669, 314156.875785772, 314173.218034241, 314189.804760633, 314193.211254748, 314200.008907933, 314210.011782115, 314218.847087108, 314222.499662862, 314227.809203172, 314256.410743566, 314270.160675321, 314290.015614994, 314294.686636294, 314300.428390018, 314306.910714245, 314326.175599701, 314335.418119979, 