{"initial_reset_timestamp": 26564.678170087, "timestamps": [26574.787416487, 26626.481805759, 26654.162351732, 26661.195344949, 26666.642755493, 26674.827778694, 26681.328838856, 26687.929245576, 26693.296115904, 26698.409362457, 26704.203202645, 26710.267939463, 26716.744887609, 26722.523142244, 26728.666533452, 26734.706300501, 26740.408438584, 26745.905398832, 26751.79875329, 26758.464392505, 26764.599733707, 26770.450009958, 26776.58692155, 26782.601988171, 26788.696311688, 26795.034310683, 26800.788498203, 26807.436482017, 26814.099837225, 26819.787334818, 26825.701787194, 26831.606844297, 26837.287788805, 26842.545844253, 26848.656551619, 26855.057244688, 26861.324525491, 26867.571603339, 26873.472822488, 26879.495997131, 26885.137962489, 26891.676874282, 26897.948568563, 26904.690266577, 26912.201617226, 26917.563110519, 26923.177324159, 26929.055428844, 26935.250603711, 26941.310586929, 26947.807640832, 26953.567782555, 26959.324327886, 26966.247865242, 26971.7512793, 26977.461927222, 26983.411833648, 26989.655313017, 26994.879354021, 27000.749660664, 27006.51718769, 27012.604987249, 27018.558606328, 27025.282668513, 27031.634274828, 27038.274127402, 27044.705826736, 27051.06066621, 27056.93376112, 27062.567446126, 27067.750593371, 27074.357162164, 27080.078534993, 27085.489404389, 27090.505767915, 27096.085680648, 27102.355984167, 27109.171914578, 27114.71362623, 27120.774765857, 27127.027373097, 27132.793636764, 27139.339690816, 27145.386218864, 27151.014794351, 27157.038205473, 27163.328145713, 27170.151045645, 27176.558350201, 27183.240812755, 27189.621097714, 27197.192665927, 27202.74544884, 27208.820181094, 27216.089231883, 27222.049469487, 27228.857992822, 27235.524226359, 27241.858242566, 27247.622863013, 27252.970975257, 27257.771254213, 27263.500295839, 27269.943639663, 27276.029431609, 27282.015020561, 27288.600525068, 27294.216509625, 27301.150113321, 27306.826967863, 27312.73586713, 27318.904584204, 27324.058287024, 27330.346101775, 27336.166281529, 27341.647510599, 27347.921068674, 27353.471538771, 27359.048915689, 27364.754623621, 27371.03326376, 27376.006021782, 27382.740825204, 27388.390281684, 27394.653455559, 27400.403894413, 27405.983852877, 27411.757688008, 27417.070054936, 27422.812406669, 27429.483489853, 27435.513709399, 27442.791428905, 27448.488672774, 27454.781221193, 27460.794511973, 27466.82702578, 27473.327828182, 27478.955241208, 27485.224161492, 27490.970541558, 27497.468534606, 27503.686767952, 27509.608353026, 27514.952167796, 27520.965408508, 27526.959559301, 27532.187033453, 27538.209353945, 27543.666855117, 27549.195025877, 27555.130004749, 27560.652391697, 27566.688219415, 27572.771176927, 27579.925559817, 27585.920920622, 27592.321868148, 27598.213402304, 27604.584668693, 27611.317823103, 27617.056874093, 27623.381452817, 27629.656235545, 27635.487521564, 27641.666402575, 27647.30977204, 27653.493394596, 27659.331480765, 27665.261958465, 27671.348032153, 27677.203641014, 27682.508761727, 27688.050840712, 27693.900620538, 27699.623462658, 27707.736800432, 27712.965912671, 27719.10216545, 27725.206063359, 27731.188364298, 27736.396851545, 27742.444015424, 27749.904676778, 27755.935234483, 27761.304860986, 27766.468324108, 27772.357353584, 27779.09544434, 27784.886280276, 27791.012214029, 27797.097456224, 27803.174787317, 27810.871353869, 27816.982071516, 27823.001663792, 27828.806840923, 27835.316170732, 27841.4847854, 27848.35735376, 27853.932302805, 27860.598675077, 27865.958493221, 27873.775632109, 27878.525108674, 27884.42385966, 27890.798401391, 27896.982166817, 27903.989995318, 27909.379450544, 27915.494960784, 27921.385664416, 27927.702710486, 27935.994697626, 27941.096236913, 27947.051603662, 27953.091865537, 27959.14401779, 27966.073312897, 27972.444979419], "episode_lengths": [32, 165, 88, 22, 17, 25, 20, 21, 16, 16, 18, 19, 20, 18, 18, 18, 18, 17, 18, 21, 18, 18, 19, 19, 19, 20, 17, 21, 21, 17, 18, 19, 18, 16, 19, 18, 19, 19, 17, 19, 17, 19, 18, 21, 23, 16, 18, 19, 19, 19, 20, 18, 18, 22, 17, 17, 18, 20, 16, 19, 18, 19, 19, 21, 20, 19, 20, 19, 18, 17, 16, 21, 17, 17, 15, 17, 20, 21, 17, 19, 20, 17, 20, 18, 16, 19, 19, 21, 20, 21, 20, 24, 17, 18, 23, 19, 21, 21, 20, 18, 17, 15, 18, 20, 19, 19, 21, 17, 22, 18, 18, 19, 15, 18, 18, 16, 20, 17, 17, 18, 20, 15, 21, 17, 19, 18, 18, 18, 16, 18, 20, 18, 23, 18, 20, 18, 18, 19, 17, 19, 18, 19, 19, 19, 17, 19, 19, 16, 19, 17, 17, 19, 17, 19, 19, 22, 19, 20, 18, 20, 21, 17, 20, 19, 18, 19, 17, 19, 18, 19, 18, 18, 16, 17, 17, 18, 25, 15, 19, 19, 18, 16, 18, 23, 19, 17, 16, 19, 21, 18, 19, 19, 19, 24, 18, 18, 18, 20, 19, 22, 16, 21, 17, 24, 15, 19, 19, 19, 22, 17, 19, 18, 19, 26, 16, 18, 18, 19, 22, 20], "episode_rewards": [-441.0, 406.0, 393.0, 439.0, 438.0, 400.0, 435.0, 424.0, 439.0, 439.0, 427.0, 442.0, 425.0, 437.0, 437.0, 437.0, 427.0, 438.0, 437.0, 424.0, 437.0, 437.0, 436.0, 426.0, 436.0, 425.0, 438.0, 414.0, 414.0, 438.0, 437.0, 426.0, 437.0, 439.0, 436.0, 437.0, 436.0, 436.0, 438.0, 426.0, 438.0, 436.0, 437.0, 424.0, 392.0, 439.0, 437.0, 426.0, 436.0, 426.0, 425.0, 437.0, 437.0, 413.0, 438.0, 438.0, 427.0, 425.0, 439.0, 426.0, 427.0, 436.0, 426.0, 424.0, 425.0, 426.0, 425.0, 436.0, 427.0, 438.0, 439.0, 414.0, 438.0, 438.0, 440.0, 438.0, 425.0, 424.0, 438.0, 426.0, 425.0, 438.0, 425.0, 437.0, 439.0, 436.0, 436.0, 424.0, 425.0, 424.0, 425.0, 401.0, 438.0, 437.0, 402.0, 426.0, 424.0, 414.0, 425.0, 427.0, 438.0, 440.0, 427.0, 425.0, 426.0, 426.0, 424.0, 438.0, 413.0, 437.0, 427.0, 426.0, 440.0, 437.0, 427.0, 439.0, 425.0, 438.0, 438.0, 437.0, 425.0, 440.0, 414.0, 438.0, 436.0, 427.0, 437.0, 437.0, 439.0, 437.0, 425.0, 437.0, 392.0, 437.0, 425.0, 437.0, 437.0, 436.0, 438.0, 436.0, 427.0, 436.0, 436.0, 426.0, 438.0, 426.0, 426.0, 439.0, 426.0, 438.0, 438.0, 426.0, 438.0, 436.0, 426.0, 413.0, 426.0, 425.0, 437.0, 425.0, 414.0, 438.0, 425.0, 426.0, 427.0, 426.0, 438.0, 436.0, 427.0, 426.0, 437.0, 437.0, 439.0, 438.0, 438.0, 437.0, 380.0, 440.0, 436.0, 436.0, 437.0, 439.0, 437.0, 402.0, 426.0, 438.0, 439.0, 426.0, 424.0, 437.0, 426.0, 426.0, 436.0, 401.0, 437.0, 437.0, 427.0, 425.0, 436.0, 413.0, 439.0, 424.0, 438.0, 391.0, 440.0, 426.0, 436.0, 436.0, 413.0, 438.0, 426.0, 437.0, 436.0, 369.0, 439.0, 437.0, 437.0, 436.0, 413.0, 425.0], "episode_types": ["t", "t", "t", "t", "t", "t", "t", "t", "t", "t", "t", "t", "t", "t", "t", "t", "t", "t", "t", "t", "t", "t", "t", "t", "t", "t", "t", "t", "t", "t", "t", "t", "t", "t", "t", "t", "t", "t", "t", "t", "t", "t", "t", "t", "t", "t", "t", "t", "t", "t", "t", "t", "t", "t", "t", "t", "t", "t", "t", "t", "t", "t", "t", "t", "t", "t", "t", "t", "t", "t", "t", "t", "t", "t", "t", "t", "t", "t", "t", "t", "t", "t", "t", "t", "t", "t", "t", "t", "t", "t", "t", "t", "t", "t", "t", "t", "t", "t", "t", "t", "t", "t", "t", "t", "t", "t", "t", "t", "t", "t", "t", "t", "t", "t", "t", "t", "t", "t", "t", "t", "t", "t", "t", "t", "t", "t", "t", "t", "t", "t", "t", "t", "t", "t", "t", "t", "t", "t", "t", "t", "t", "t", "t", "t", "t", "t", "t", "t", "t", "t", "t", "t", "t", "t", "t", "t", "t", "t", "t", "t", "t", "t", "t", "t", "t", "t", "t", "t", "t", "t", "t", "t", "t", "t", "t", "t", "t", "t", "t", "t", "t", "t", "t", "t", "t", "t", "t", "t", "t", "t", "t", "t", "t", "t", "t", "t", "t", "t", "t", "t", "t", "t", "t", "t", "t", "t", "t", "t", "t", "t", "t", "t", "t", "t", "t", "t", "t", "t", "t", "t"]}