{"initial_reset_timestamp": 618265.097332352, "timestamps": [618281.03687303, 618319.802607625, 618326.320677118, 618341.720090196, 618344.991393109, 618363.406110529, 618377.944759241, 618384.2296302, 618408.562877269, 618415.661951675, 618425.552463909, 618428.912245703, 618454.986764955, 618489.357005053, 618503.740226847, 618508.855085712, 618521.955484044, 618536.225079893, 618548.712807147, 618557.920898623, 618593.365944385, 618596.551811347, 618602.245729634, 618638.151366154, 618694.032434561, 618710.095397365, 618744.323973078, 618751.255310665, 618780.465775617, 618815.299311775, 618855.727831272, 618862.16253736, 618868.196737248, 618873.124153817, 618880.648279646, 618889.956734247, 618922.739390798, 618950.427284126, 618958.211544137, 618968.876062454, 618974.576029197, 618982.50064693, 618988.258253994, 619069.824475324, 619079.412108604, 619126.455156028, 619135.600928081, 619157.120050837, 619185.080154963, 619205.718880029, 619227.801947508, 619238.755836298, 619255.089930192, 619304.125327872, 619330.775721385, 619342.731223239, 619376.097583664, 619399.572659775, 619407.346218517, 619428.925222907, 619433.916894836, 619442.198864212, 619457.282437141, 619494.384937441, 619502.079894195, 619510.03715613, 619517.695178291, 619531.104464516, 619561.074131459, 619570.984739409, 619610.023796019, 619618.179793394, 619638.019401524, 619640.736444038, 619657.368946811, 619663.107624582, 619666.183067635, 619693.07339404, 619712.387681388, 619758.214265933, 619764.503138153, 619786.072295452, 619802.338703226, 619806.852489542, 619831.440420727, 619841.34947424, 619858.337139696, 619865.348635622, 619869.685138006, 619886.351195134, 619893.208839487, 619907.37580441, 619916.611329536, 619922.778390391, 619947.692824721, 619957.651786891, 619965.48900297, 619970.979547814, 620013.874162769, 620018.718008938, 620035.224406769, 620042.512900547, 620061.656473226, 620074.362039852, 620094.848761935, 620118.367637532, 620131.747307037, 620137.780824905, 620140.93565353, 620152.299473277, 620157.280322268, 620181.164926887, 620209.542605364, 620212.919560922, 620236.847635876, 620246.096756976, 620267.209395625, 620272.110131579, 620278.50527261, 620316.899375592, 620325.000939308, 620343.447807422, 620350.645781912, 620374.384391916, 620387.216785271, 620412.977764298, 620419.621561174, 620422.629189311, 620438.832937264, 620448.956328707, 620468.117483533, 620497.266760143, 620502.782911618, 620538.719999921, 620562.974499108, 620567.315336201, 620588.911836831, 620595.554752741, 620636.356565303, 620651.687235373, 620657.665132674, 620671.764275438, 620685.049871245, 620692.357326087, 620714.480312661, 620721.823014761, 620730.441778435, 620750.323453971, 620757.465031851, 620772.145132526, 620778.779274701, 620786.178646973, 620795.51821183, 620803.245568765, 620848.574868784, 620853.494795824, 620859.879300062, 620880.721075975, 620885.262072415, 620894.320642106, 620901.137732094, 620907.010429616, 620918.59118739, 620937.216816777, 620981.5739652, 620993.173563986, 621009.047774301, 621077.589474693, 621105.476107354, 621112.512408041, 621125.715618499, 621140.196214222, 621152.929456044, 621178.326796407, 621219.800022429, 621234.879738888, 621240.133125304, 621270.69690816, 621290.483350754, 621315.335172188, 621324.243722075, 621335.857692464, 621350.894767864, 621399.300931373, 621408.861034083, 621412.385228216, 621424.408051357, 621437.32191734, 621446.449070361, 621459.489936861, 621472.519677816, 621480.167594532, 621486.592781043, 621552.64619904, 621556.352752849, 621589.151792683, 621599.666497177, 621621.123602229, 621629.071183806, 621644.594869153, 621709.616156762, 621716.623777684, 621722.598103291, 621726.672329961, 621761.772215516, 621771.20679699, 621808.942844831, 621820.46947526, 621833.793697681, 621849.375003854, 621859.395630534, 621865.827596371, 621870.134778134, 621892.025592704, 621914.286698123, 621917.747736216, 621943.25100446, 621983.910869728, 621993.394831418, 621999.937106533, 622007.728956157, 622024.206965983, 622040.904811074, 622059.680999281, 622101.650249737, 622120.216329839, 622132.027021532, 622145.15749247, 622151.267579445, 622165.987456256, 622180.279821774, 622188.289206242, 622197.104034013, 622212.57960412, 622223.121851014, 622227.763919723, 622245.247203207, 622254.222353336, 622259.625855492, 622277.749448195, 622291.166546608, 622307.137270183, 622311.393882148, 622320.103593926, 622327.044816319, 622348.782321683, 622361.601282922, 622394.302667668, 622422.260433397, 622427.554858717, 622443.03672164, 622468.552652769, 622481.650611925, 622501.91186658, 622514.159890386, 622578.544308694, 622632.6279168, 622645.700301132, 622651.047577826, 622667.760131877, 622694.85160244, 622703.398616359, 622718.082514023, 622721.955552947, 622728.28239931, 622744.561881564, 622758.052394417, 622767.094314375, 622779.774246033, 622831.794285386, 622842.709910471, 622853.639120805, 622871.620129215, 622877.06954077, 622895.328677819, 622905.630344013, 622911.380920695, 622921.631178213, 622927.081379047, 622942.295695512, 622961.748862968, 622977.025199722, 622980.88487373, 622990.480769276, 622992.946871991, 623030.51558023, 623038.065236866, 623043.43238169, 623065.73007351, 623084.309934706, 623093.308372596, 623117.453521724, 623130.313057898, 623164.553093097, 623180.672016392, 623191.654620242, 623227.662216139, 623262.158728622, 623294.318905855, 623302.86473762, 623329.184490827, 623340.451456451, 623357.182217953, 623367.89473701, 623385.427621162, 623389.441134305, 623395.218690721, 623411.184935175, 623417.80882661, 623424.857442138, 623429.706479147, 623449.520496165, 623462.083219078, 623475.602343673, 623485.874589351, 623495.670121032, 623508.074569172, 623526.274944486, 623546.691916155, 623557.847404501, 623583.942643951, 623595.581986075, 623605.953234002, 623612.15383884, 623616.644717041, 623629.385675238, 623637.061385127, 623656.391715311, 623660.2188255, 623679.288644297, 623686.144839464, 623725.948364035, 623733.603799701, 623749.394807335, 623758.388742172, 623780.098732321, 623792.019351803, 623821.074864133, 623826.33690363, 623840.79370429, 623888.03408328, 623902.493542658, 623918.088467334, 623922.915817389, 623941.188635881, 623946.882032898, 623961.114218292, 623979.126611531, 623996.835331654, 624018.967294967, 624033.697173266, 624045.373556062, 624056.242573741, 624064.374854648, 624077.123119823, 624094.914881402, 624103.768441698, 624108.830775972, 624118.293604668, 624143.108617638, 624147.903449412, 624170.406736986, 624177.035641726, 624188.463352656, 624201.559790123, 624216.615124412, 624238.689539118, 624256.659808288, 624265.318331948, 624285.844826763, 624293.113161663, 624300.00809252, 624309.345659609, 624321.779417141, 624343.026710339, 624346.240209443, 624356.465306722, 624416.019848806, 624423.553944587, 624427.381226318, 624440.766947563, 624447.054598445, 624475.949981288, 624495.239701381, 624522.00570365, 624530.648375565, 624547.919380019, 624569.124543656, 624575.270469283, 624588.888765098, 624642.240877008, 624650.053082933, 624665.396003495, 624678.273790212, 624690.948452908, 624710.70907899, 624766.021890737, 624774.623355582, 624782.566191126, 624792.930707922, 624815.54624663, 624834.512320965, 624845.432041262, 624852.527089512, 624882.950096915, 624905.230285262, 624912.84258344, 624922.567965158, 624979.743688071, 625006.472472307, 625014.962756656, 625037.848816906, 625043.615024502, 625065.157111143, 625076.294019456, 625094.180202411, 625099.089347342, 625104.498853532, 625108.538000821, 625116.997520209, 625139.475790793, 625145.33646649, 625158.705492841, 625163.055054898, 625187.570284675, 625194.417965817, 625206.336621498, 625216.009326256, 625222.780425787, 625279.196292541, 625290.518105848, 625325.236204318, 625352.11368491, 625415.490889443, 625426.707671178, 625462.838302924, 625470.569236301, 625500.927629569, 625523.308944374, 625532.841153025, 625550.35578156, 625582.259350065, 625602.709476273, 625623.188776325,