{"initial_reset_timestamp": 412332.075154856, "timestamps": [412335.78574976, 412409.250352336, 412428.823473543, 412444.703750271, 412471.530372718, 412478.103426163, 412489.114541035, 412543.207444493, 412558.339984137, 412577.479494998, 412590.907646138, 412597.437546463, 412616.090456417, 412633.986678305, 412642.028264321, 412660.692071094, 412673.355789851, 412692.572410744, 412728.247817009, 412736.810087101, 412743.618891465, 412751.254094878, 412761.764865318, 412795.805380818, 412816.668400596, 412827.345591086, 412837.583549525, 412841.772082059, 412851.830455997, 412917.600274787, 412931.214881333, 412946.711610098, 412981.310447752, 412988.514234342, 412996.537379533, 413005.725376427, 413024.659511087, 413036.098980644, 413057.560070018, 413075.149640785, 413086.931400379, 413095.452434323, 413102.968031792, 413161.385624403, 413183.519631662, 413210.459125077, 413220.787544149, 413225.741270008, 413238.111134558, 413309.396293891, 413322.138594689, 413336.354413803, 413342.120894155, 413353.275150098, 413368.703973615, 413383.76777797, 413394.18111307, 413408.816027105, 413424.775894248, 413431.484198396, 413451.596697162, 413461.016897263, 413474.395730872, 413492.9721256, 413546.005902797, 413552.603290108, 413576.554622761, 413579.900536375, 413600.807031884, 413632.095962536, 413640.991430293, 413653.190173757, 413683.879178187, 413702.045501032, 413706.933589712, 413716.779118878, 413739.506015188, 413766.375565485, 413780.630541079, 413789.464839034, 413806.413057132, 413833.820651873, 413841.491353892, 413847.312487004, 413862.039696186, 413874.573188692, 413876.616411733, 413907.487423303, 413920.570769644, 413928.590804233, 413957.738611864, 413972.240179394, 413983.386412062, 414028.014628839, 414044.937330491, 414053.786362374, 414058.958811794, 414073.440396465, 414117.980022061, 414121.730682487, 414127.765094385, 414135.446388696, 414144.094736731, 414176.822076117, 414199.223926445, 414221.897430732, 414252.372951751, 414265.072288721, 414290.799749483, 414311.513708622, 414315.943899605, 414325.684664212, 414345.838279653, 414380.502517143, 414395.772080525, 414420.115784715, 414442.734165183, 414450.089650214, 414480.300863217, 414497.80963671, 414502.394445353, 414518.424243834, 414544.31999654, 414570.23105006, 414655.340728208, 414696.240257743, 414705.254337387, 414722.831045632, 414753.163492661, 414763.254576243, 414808.651587768, 414814.855474541, 414846.058185969, 414857.2835224, 414883.343156637, 414895.969495129, 414928.553831215, 414938.087415763, 414940.89375606, 414950.617183096, 414964.961882583, 414972.229924763, 414980.318723498, 415010.853514939, 415025.711111605, 415033.204560587, 415035.973446459, 415046.67382053, 415086.837218336, 415155.057362611, 415166.73741783, 415193.324635385, 415205.571749205, 415220.961712386, 415240.549485443, 415291.823387525, 415303.212918187, 415320.573248173, 415353.593093744, 415364.832048074, 415397.151451008, 415425.437201162, 415434.954671105, 415445.164883734, 415451.477958894, 415469.379826431, 415517.549517741, 415532.30163258, 415540.441283034, 415545.836138935, 415556.729710802, 415578.529264389, 415584.606035045, 415598.961934772, 415631.842921669, 415639.307563404, 415665.711299112, 415677.67684106, 415713.552920808, 415746.673016968, 415803.294974007, 415808.274344721, 415812.861064472, 415830.022121242, 415848.029656542, 415863.156521016, 415874.782696157, 415904.906718797, 415915.673262291, 415921.564617255, 415944.122218997, 415956.580950737, 415966.642754837, 415995.459929664, 416011.885261764, 416023.938023936, 416046.09620536, 416056.24497864, 416067.240645134, 416079.692163974, 416094.102529934, 416112.960379929, 416131.314223187, 416160.126308617, 416187.780376229, 416198.505351605, 416210.926524909, 416269.393260482, 416273.463877639, 416281.286669638, 416344.697154578, 416353.629064594, 416362.184127883, 416417.841517546, 416436.370622111, 416462.520941509, 416506.578067687, 416533.514118762, 416569.199673953, 416606.709847431, 416627.778568009, 416637.624667598, 416722.637223605, 416748.187365316, 416752.71808987, 416766.048780311, 416775.978905457, 416794.475530454, 416799.145948128, 416807.791423474, 416816.497980195, 416828.210907493, 416840.885828662, 416855.888841952, 416869.661768656, 416894.305097118, 416932.818742774, 416936.827458095, 416940.583754852, 416970.532103129, 416974.911410643, 416992.168008418, 417001.518529795, 417011.882060081, 417031.011011685, 417037.184919848, 417048.29058374, 417058.780287443, 417104.039627266, 417121.036062032, 417133.325420771, 417146.968508536, 417166.545082103, 417178.52149554, 417218.365273651, 417230.735931912, 417266.623860843, 417283.252343399, 417305.804777318, 417313.16576545, 417322.005909462, 417348.162331958, 417358.902583555, 417382.992004541, 417405.937228833, 417414.567484681, 417428.086683862, 417435.646115174, 417452.86920743, 417465.325813622, 417477.885842122, 417496.295623356, 417508.575575298, 417520.52165573, 417548.321443109, 417562.743101765, 417586.734184982, 417594.791137282, 417597.695921063, 417606.358264495, 417613.595982367, 417620.73888564, 417636.333049128, 417643.832455721, 417648.112460974, 417674.659177679, 417697.718869161, 417710.259287349, 417727.061942246, 417733.205186346, 417747.633292096, 417783.66091711, 417787.506801471, 417797.842777454, 417807.504991365, 417817.057271255, 417833.045117929, 417868.649199948, 417885.049931968, 417890.362840726, 417907.495820772, 417929.532087599, 417945.720655593, 417966.035705381, 417972.904754445, 417979.468385424, 418002.05020415, 418005.558363919, 418009.316900827, 418030.478942762, 418035.733361903, 418062.663242938, 418078.337660472, 418084.285631082, 418111.9196551, 418116.686608047, 418133.994694872, 418141.198354994, 418167.723393964, 418170.734636957, 418211.638289541, 418263.82067152, 418287.025481279, 418308.539703012, 418317.481560434, 418328.444943691, 418333.572845782, 418355.442748405, 418359.841536883, 418379.900897039, 418403.272640273, 418414.570094748, 418430.973920049, 418453.212598224, 418460.951621531, 418497.324137886, 418524.557603788, 418531.176500199, 418536.005952477, 418557.945373789, 418563.535413975, 418597.347529997, 418605.516770147, 418641.021703879, 418649.015716908, 418651.719240363, 418655.782726703, 418663.996651632, 418685.660030819, 418698.534055236, 418713.13225752, 418721.395789686, 418744.817703218, 418769.607002017, 418784.70065206, 418792.952812466, 418798.505556735, 418813.915464692, 418818.923257663, 418845.691962202, 418862.289796221, 418871.992619868, 418876.233950106, 418880.992024874, 418887.661957084, 418901.570718994, 418913.644357598, 418947.491731949, 418985.074022947, 418995.42689194, 419004.398789406, 419015.344532937, 419024.487810474, 419049.342324008, 419077.630195727, 419085.355485742, 419115.42600675, 419132.420290348, 419155.142303341, 419165.987861514, 419195.771613521, 419256.923123777, 419269.881359879, 419289.038415103, 419295.767576853, 419310.646157838, 419314.108177606, 419325.493023155, 419367.100598366, 419380.570816416, 419388.99633508, 419403.424395028, 419423.424631931, 419433.722769258, 419436.995849854, 419462.065500684, 419465.196846397, 419498.062951407, 419508.707938687, 419544.818233142, 419555.327263513, 419568.685240227, 419584.23717957, 419592.82749862, 419602.231075157, 419614.521823501, 419636.760627886, 419657.815875635, 419662.183495774, 419668.602156757, 419680.508915377, 419686.168328438, 419728.64463584, 419751.893307524, 419767.841775924, 419780.797342772, 419829.712346502, 419840.737670792, 419919.387954156, 419932.077540434, 419952.064781177, 419958.209489362, 419966.361852737, 419972.303381994, 420021.886549972, 420031.079881564, 420058.570186245, 420081.285682502, 420087.963723879, 420100.592962477, 420114.648975469, 420139.422844104, 420144.507179173, 420151.058119749, 420166.005171773, 420213.547278653, 420225.985071251, 420251.930655143, 420275.043369015, 420292.385849856, 420296.067770265, 420299.010514083, 420318.333564245, 