{"initial_reset_timestamp": 28866.699438643, "timestamps": [28906.962227172, 28955.442253472, 28974.137909138, 29020.630168628, 29080.685656589, 29123.423445792, 29192.234432643, 29255.338804277, 29288.071992799, 29354.158151937, 29392.770974516, 29424.849440661, 29464.355533205, 29482.373380581, 29494.169585019, 29516.832700221, 29549.125532618, 29575.813341179, 29601.506784836, 29623.240025163, 29635.524008605, 29651.74131582, 29675.688373416, 29714.80822592, 29759.059939512, 29782.314099494, 29827.139054577, 29831.874942502, 29855.226424856, 29877.900689999, 29901.445945908, 29907.143560904, 29949.289691447, 29969.728225836, 30001.118141027, 30038.258477877, 30100.531841584, 30127.319099295, 30142.325641206, 30148.361783145, 30188.038422258, 30232.906230749, 30255.591717824, 30283.864846448, 30303.856009594, 30318.463363132, 30385.769226008, 30406.776531772, 30474.095280235, 30506.771312779, 30522.003399369, 30527.281072016, 30550.805869326, 30613.948765365, 30659.084542958, 30678.232809076, 30702.41359958, 30729.350068552, 30747.315835477, 30769.550668553, 30826.726262859, 30848.080699414, 30877.239377831, 30887.819316189, 30904.371979684, 30939.591686862, 30980.163286047, 31019.24954866, 31038.441570078, 31060.980409235, 31101.567866933, 31136.49704126, 31157.791175702, 31173.889308236, 31241.269288656, 31267.259393242, 31328.531631108, 31357.342884575, 31361.505932202, 31384.644464002, 31438.871067457, 31467.749599671, 31511.695475108, 31524.226885516, 31553.631638441, 31585.127017575, 31625.528940627, 31650.523088479, 31652.960243531, 31675.873018076, 31680.75071694, 31703.276418121, 31722.689043953, 31769.779874769, 31799.343475725, 31819.753094169, 31850.80312567, 31861.323656701, 31884.16582362, 31903.814543547, 31924.260434637, 31940.975294478, 31959.19249538, 31963.756740925, 31980.247062161, 32002.312724991, 32044.662040941, 32067.166718889, 32071.566438392, 32090.1676529, 32105.139978695, 32134.678854835, 32169.133975262, 32196.504164289, 32217.720211843, 32229.4946558, 32265.721201682, 32294.588103354, 32309.223516175, 32364.466186266, 32375.009616479, 32394.662672861, 32410.6624506, 32440.62883089, 32455.094107172, 32471.623067878, 32487.450665252, 32503.09390552, 32526.477176853, 32560.82365491, 32585.947019483, 32617.375879416, 32629.248055953, 32642.915547329, 32660.643606519, 32683.813688793, 32700.198213948, 32715.525108496, 32727.595812122, 32729.75088127, 32761.77131969, 32781.287210691, 32803.005277928, 32817.356640461, 32867.7307672, 32885.695058851, 32898.32341621, 32915.782850606, 32931.696283296, 32957.191296454, 32983.161341284, 32999.2099157, 33033.209079941, 33051.667853987, 33057.465355614, 33062.252061063, 33076.359528707, 33096.404921393, 33106.177368026, 33125.401599094, 33143.009589836, 33168.844357667, 33229.076100945, 33243.695682364, 33262.683507692, 33285.781729304, 33307.770654131, 33338.343143186, 33366.116739489, 33410.228589288, 33431.721266191, 33458.806707268, 33470.413575762, 33495.031343716, 33516.922371678, 33523.399457055, 33539.659579503, 33564.021924289, 33598.112167547, 33628.600984903, 33647.854413169, 33659.652940423, 33671.866132897, 33696.637184943, 33718.836032712, 33740.81120039, 33755.553575482, 33779.588199348, 33796.727336014, 33828.949697333, 33855.031350505, 33876.934983109, 33886.756990963, 33909.580743996, 33925.373760674, 33955.86366502, 33965.716308512, 33984.601569264, 34001.763059732, 34008.470513628, 34017.867722166, 34026.364217976, 34049.869334633, 34075.628082866, 34090.105788248, 34110.919588347, 34120.860957454, 34137.708816008, 34171.753501887, 34175.596679282, 34191.260446658, 34207.446471591, 34221.903495889, 34235.667128999, 34258.755733124, 34270.150648647, 34282.222871937, 34311.479168418, 34321.571408025, 34352.415818639], "episode_lengths": [129, 156, 58, 147, 193, 136, 220, 205, 106, 210, 124, 101, 125, 57, 38, 73, 103, 87, 83, 70, 39, 51, 76, 125, 137, 75, 142, 15, 77, 73, 77, 18, 138, 65, 99, 120, 197, 87, 49, 19, 129, 142, 74, 92, 65, 48, 220, 68, 220, 106, 48, 17, 75, 205, 144, 62, 78, 88, 57, 70, 184, 68, 95, 33, 53, 115, 132, 128, 62, 72, 133, 114, 69, 52, 220, 82, 199, 95, 13, 75, 178, 95, 142, 39, 94, 99, 128, 82, 7, 74, 15, 72, 59, 153, 95, 66, 102, 34, 74, 63, 65, 53, 59, 14, 50, 71, 140, 72, 13, 61, 49, 96, 110, 89, 69, 38, 117, 93, 46, 178, 33, 64, 51, 98, 46, 52, 50, 50, 76, 109, 78, 100, 38, 44, 58, 70, 53, 50, 38, 6, 103, 62, 71, 46, 165, 57, 40, 55, 50, 82, 83, 52, 111, 60, 18, 15, 44, 65, 31, 60, 56, 83, 194, 47, 62, 75, 70, 98, 89, 140, 69, 86, 36, 79, 70, 20, 52, 78, 111, 98, 62, 38, 39, 79, 72, 70, 47, 77, 56, 100, 85, 70, 32, 74, 51, 99, 31, 61, 55, 21, 30, 26, 75, 83, 46, 67, 32, 54, 108, 12, 50, 51, 46, 44, 74, 36, 39, 94, 31, 99], "episode_rewards": [-490.0, 337.0, 421.0, 368.0, 334.0, -549.0, -64.0, -496.0, -447.0, 285.0, 315.0, 362.0, 404.0, 412.0, -447.0, 362.0, 410.0, 426.0, 394.0, 433.0, -452.0, 408.0, 427.0, 362.0, 358.0, 402.0, 373.0, -402.0, 404.0, 410.0, 422.0, -417.0, 405.0, 414.0, 380.0, 385.0, 322.0, 396.0, 420.0, -406.0, 428.0, 371.0, 351.0, 377.0, 394.0, 413.0, -140.0, 411.0, -10.0, 359.0, 379.0, -410.0, 390.0, 328.0, 343.0, 417.0, 395.0, 413.0, 416.0, 429.0, 311.0, 387.0, 402.0, 434.0, 382.0, 382.0, 397.0, 407.0, 387.0, 413.0, 358.0, 383.0, 400.0, 423.0, -70.0, 427.0, 386.0, -420.0, -406.0, 416.0, 335.0, 394.0, 355.0, -456.0, 387.0, 380.0, 337.0, 391.0, -406.0, 407.0, -414.0, 417.0, 370.0, 422.0, 404.0, 403.0, 385.0, 445.0, 387.0, 418.0, 396.0, 416.0, 400.0, -407.0, 393.0, 420.0, 409.0, 359.0, -406.0, 436.0, 430.0, 359.0, 363.0, 376.0, 370.0, 429.0, 396.0, 406.0, 415.0, 363.0, 434.0, 365.0, -446.0, 405.0, 415.0, 401.0, 423.0, 419.0, 427.0, 352.0, 425.0, 399.0, 423.0, 423.0, 415.0, 407.0, 416.0, 441.0, 407.0, -405.0, 412.0, 401.0, 444.0, 415.0, 374.0, 424.0, 427.0, 426.0, 413.0, 413.0, 400.0, 409.0, 400.0, 411.0, -415.0, -408.0, 387.0, 414.0, 410.0, 379.0, 425.0, 420.0, 431.0, 366.0, 401.0, 392.0, 433.0, 423.0, 414.0, 309.0, 424.0, 379.0, 409.0, 380.0, 373.0, 435.0, 427.0, 413.0, 380.0, 395.0, 413.0, 435.0, 416.0, 386.0, 387.0, 421.0, 426.0, 394.0, 435.0, 395.0, 406.0, 407.0, 429.0, 417.0, 422.0, 424.0, 436.0, 424.0, 378.0, 434.0, 415.0, 435.0, 416.0, 394.0, 427.0, 430.0, 419.0, 421.0, 425.0, -405.0, 417.0, 406.0, 411.0, 417.0, 447.0, 419.0, 428.0, 417.0, 436.0, 416.0], "episode_types": ["t", "t", "t", "t", "t", "t", "t", "t", "t", "t", "t", "t", "t", "t", "t", "t", "t", "t", "t", "t", "t", "t", "t", "t", "t", "t", "t", "t", "t", "t", "t", "t", "t", "t", "t", "t", "t", "t", "t", "t", "t", "t", "t", "t", "t", "t", "t", "t", "t", "t", "t", "t", "t", "t", "t", "t", "t", "t", "t", "t", "t", "t", "t", "t", "t", "t", "t", "t", "t", "t", "t", "t", "t", "t", "t", "t", "t", "t", "t", "t", "t", "t", "t", "t", "t", "t", "t", "t", "t", "t", "t", "t", "t", "t", "t", "t", "t", "t", "t", "t", "t", "t", "t", "t", "t", "t", "t", "t", "t", "t", "t", "t", "t", "t", "t", "t", "t", "t", "t", "t", "t", "t", "t", "t", "t", "t", "t", "t", "t", "t", "t", "t", "t", "t", "t", "t", "t", "t", "t", "t", "t", "t", "t", "t", "t", "t", "t", "t", "t", "t", "t", "t", "t", "t", "t", "t", "t", "t", "t", "t", "t", "t", "t", "t", "t", "t", "t", "t", "t", "t", "t", "t", "t", "t", "t", "t", "t", "t", "t", "t", "t", "t", "t", "t", "t", "t", "t", "t", "t", "t", "t", "t", "t", "t", "t", "t", "t", "t", "t", "t", "t", "t", "t", "t", "t", "t", "t", "t", "t", "t", "t", "t", "t", "t", "t", "t", "t", "t", "t", "t"]}